-17,5,ZaYBKCUyNuBQEyaKdnOfZjZNGzM=,umoVlQlUkBRyqjDSVy8mN0muC/E=
-19,6,ZaYBKCUyNuBQEyaKdnOfZjZNGzM=,umoVlQlUkBRyqjDSVy8mN0muC/E=
-18,6,ZaYBKCUyNuBQEyaKdnOfZjZNGzM=,umoVlQlUkBRyqjDSVy8mN0muC/E=
-17,6,ZaYBKCUyNuBQEyaKdnOfZjZNGzM=,umoVlQlUkBRyqjDSVy8mN0muC/E=
-17,2,ZaYBKCUyNuBQEyaKdnOfZjZNGzM=,umoVlQlUkBRyqjDSVy8mN0muC/E=
-21,7,ZaYBKCUyNuBQEyaKdnOfZjZNGzM=,umoVlQlUkBRyqjDSVy8mN0muC/E=
-20,7,ZaYBKCUyNuBQEyaKdnOfZjZNGzM=,umoVlQlUkBRyqjDSVy8mN0muC/E=
-19,7,ZaYBKCUyNuBQEyaKdnOfZjZNGzM=,umoVlQlUkBRyqjDSVy8mN0muC/E=
-18,7,ZaYBKCUyNuBQEyaKdnOfZjZNGzM=,umoVlQlUkBRyqjDSVy8mN0muC/E=
-17,7,ZaYBKCUyNuBQEyaKdnOfZjZNGzM=,umoVlQlUkBRyqjDSVy8mN0muC/E=
-21,3,ZaYBKCUyNuBQEyaKdnOfZjZNGzM=,umoVlQlUkBRyqjDSVy8mN0muC/E=
-20,3,ZaYBKCUyNuBQEyaKdnOfZjZNGzM=,umoVlQlUkBRyqjDSVy8mN0muC/E=
-19,3,ZaYBKCUyNuBQEyaKdnOfZjZNGzM=,umoVlQlUkBRyqjDSVy8mN0muC/E=
-18,3,ZaYBKCUyNuBQEyaKdnOfZjZNGzM=,umoVlQlUkBRyqjDSVy8mN0muC/E=
-21,0,ZaYBKCUyNuBQEyaKdnOfZjZNGzM=,umoVlQlUkBRyqjDSVy8mN0muC/E=
-21,2,ZaYBKCUyNuBQEyaKdnOfZjZNGzM=,umoVlQlUkBRyqjDSVy8mN0muC/E=
-20,2,ZaYBKCUyNuBQEyaKdnOfZjZNGzM=,umoVlQlUkBRyqjDSVy8mN0muC/E=
-20,0,ZaYBKCUyNuBQEyaKdnOfZjZNGzM=,umoVlQlUkBRyqjDSVy8mN0muC/E=
-19,0,ZaYBKCUyNuBQEyaKdnOfZjZNGzM=,umoVlQlUkBRyqjDSVy8mN0muC/E=
-18,0,ZaYBKCUyNuBQEyaKdnOfZjZNGzM=,umoVlQlUkBRyqjDSVy8mN0muC/E=
-17,3,ZaYBKCUyNuBQEyaKdnOfZjZNGzM=,umoVlQlUkBRyqjDSVy8mN0muC/E=
-17,0,ZaYBKCUyNuBQEyaKdnOfZjZNGzM=,umoVlQlUkBRyqjDSVy8mN0muC/E=
-19,2,ZaYBKCUyNuBQEyaKdnOfZjZNGzM=,umoVlQlUkBRyqjDSVy8mN0muC/E=
-18,2,ZaYBKCUyNuBQEyaKdnOfZjZNGzM=,umoVlQlUkBRyqjDSVy8mN0muC/E=
-21,1,ZaYBKCUyNuBQEyaKdnOfZjZNGzM=,umoVlQlUkBRyqjDSVy8mN0muC/E=
-20,1,ZaYBKCUyNuBQEyaKdnOfZjZNGzM=,umoVlQlUkBRyqjDSVy8mN0muC/E=
-19,1,ZaYBKCUyNuBQEyaKdnOfZjZNGzM=,umoVlQlUkBRyqjDSVy8mN0muC/E=
-18,1,ZaYBKCUyNuBQEyaKdnOfZjZNGzM=,umoVlQlUkBRyqjDSVy8mN0muC/E=
-21,4,ZaYBKCUyNuBQEyaKdnOfZjZNGzM=,umoVlQlUkBRyqjDSVy8mN0muC/E=
-20,4,ZaYBKCUyNuBQEyaKdnOfZjZNGzM=,umoVlQlUkBRyqjDSVy8mN0muC/E=
-19,4,ZaYBKCUyNuBQEyaKdnOfZjZNGzM=,umoVlQlUkBRyqjDSVy8mN0muC/E=
-18,4,ZaYBKCUyNuBQEyaKdnOfZjZNGzM=,umoVlQlUkBRyqjDSVy8mN0muC/E=
-17,4,ZaYBKCUyNuBQEyaKdnOfZjZNGzM=,umoVlQlUkBRyqjDSVy8mN0muC/E=
-17,1,ZaYBKCUyNuBQEyaKdnOfZjZNGzM=,umoVlQlUkBRyqjDSVy8mN0muC/E=
-21,5,ZaYBKCUyNuBQEyaKdnOfZjZNGzM=,umoVlQlUkBRyqjDSVy8mN0muC/E=
-20,5,ZaYBKCUyNuBQEyaKdnOfZjZNGzM=,umoVlQlUkBRyqjDSVy8mN0muC/E=
-21,6,ZaYBKCUyNuBQEyaKdnOfZjZNGzM=,umoVlQlUkBRyqjDSVy8mN0muC/E=
-19,5,ZaYBKCUyNuBQEyaKdnOfZjZNGzM=,umoVlQlUkBRyqjDSVy8mN0muC/E=
-18,5,ZaYBKCUyNuBQEyaKdnOfZjZNGzM=,umoVlQlUkBRyqjDSVy8mN0muC/E=
-20,6,ZaYBKCUyNuBQEyaKdnOfZjZNGzM=,umoVlQlUkBRyqjDSVy8mN0muC/E=
-30,6,ZaYBKCUyNuBQEyaKdnOfZjZNGzM=,Gxbe2PHJ5bQSMzUwVctmaod9BqY=
-31,7,ZaYBKCUyNuBQEyaKdnOfZjZNGzM=,Gxbe2PHJ5bQSMzUwVctmaod9BqY=
-30,7,ZaYBKCUyNuBQEyaKdnOfZjZNGzM=,Gxbe2PHJ5bQSMzUwVctmaod9BqY=
-24,7,ZaYBKCUyNuBQEyaKdnOfZjZNGzM=,umoVlQlUkBRyqjDSVy8mN0muC/E=
-23,7,ZaYBKCUyNuBQEyaKdnOfZjZNGzM=,umoVlQlUkBRyqjDSVy8mN0muC/E=
-29,6,ZaYBKCUyNuBQEyaKdnOfZjZNGzM=,Gxbe2PHJ5bQSMzUwVctmaod9BqY=
-28,6,ZaYBKCUyNuBQEyaKdnOfZjZNGzM=,Gxbe2PHJ5bQSMzUwVctmaod9BqY=
-22,7,ZaYBKCUyNuBQEyaKdnOfZjZNGzM=,umoVlQlUkBRyqjDSVy8mN0muC/E=
-31,6,ZaYBKCUyNuBQEyaKdnOfZjZNGzM=,Gxbe2PHJ5bQSMzUwVctmaod9BqY=
-31,2,ZaYBKCUyNuBQEyaKdnOfZjZNGzM=,Gxbe2PHJ5bQSMzUwVctmaod9BqY=
-31,1,ZaYBKCUyNuBQEyaKdnOfZjZNGzM=,Gxbe2PHJ5bQSMzUwVctmaod9BqY=
-29,7,ZaYBKCUyNuBQEyaKdnOfZjZNGzM=,Gxbe2PHJ5bQSMzUwVctmaod9BqY=
-32,7,ZaYBKCUyNuBQEyaKdnOfZjZNGzM=,Gxbe2PHJ5bQSMzUwVctmaod9BqY=
-32,6,ZaYBKCUyNuBQEyaKdnOfZjZNGzM=,Gxbe2PHJ5bQSMzUwVctmaod9BqY=
-32,2,ZaYBKCUyNuBQEyaKdnOfZjZNGzM=,Gxbe2PHJ5bQSMzUwVctmaod9BqY=
-22,6,ZaYBKCUyNuBQEyaKdnOfZjZNGzM=,umoVlQlUkBRyqjDSVy8mN0muC/E=
-30,1,ZaYBKCUyNuBQEyaKdnOfZjZNGzM=,Gxbe2PHJ5bQSMzUwVctmaod9BqY=
-27,6,ZaYBKCUyNuBQEyaKdnOfZjZNGzM=,Gxbe2PHJ5bQSMzUwVctmaod9BqY=
-32,0,ZaYBKCUyNuBQEyaKdnOfZjZNGzM=,Gxbe2PHJ5bQSMzUwVctmaod9BqY=
-30,5,ZaYBKCUyNuBQEyaKdnOfZjZNGzM=,Gxbe2PHJ5bQSMzUwVctmaod9BqY=
-29,5,ZaYBKCUyNuBQEyaKdnOfZjZNGzM=,Gxbe2PHJ5bQSMzUwVctmaod9BqY=
-28,5,ZaYBKCUyNuBQEyaKdnOfZjZNGzM=,Gxbe2PHJ5bQSMzUwVctmaod9BqY=
-28,7,ZaYBKCUyNuBQEyaKdnOfZjZNGzM=,Gxbe2PHJ5bQSMzUwVctmaod9BqY=
-25,1,ZaYBKCUyNuBQEyaKdnOfZjZNGzM=,Gxbe2PHJ5bQSMzUwVctmaod9BqY=
-23,6,ZaYBKCUyNuBQEyaKdnOfZjZNGzM=,umoVlQlUkBRyqjDSVy8mN0muC/E=
-24,2,ZaYBKCUyNuBQEyaKdnOfZjZNGzM=,umoVlQlUkBRyqjDSVy8mN0muC/E=
-22,5,ZaYBKCUyNuBQEyaKdnOfZjZNGzM=,umoVlQlUkBRyqjDSVy8mN0muC/E=
-24,3,ZaYBKCUyNuBQEyaKdnOfZjZNGzM=,umoVlQlUkBRyqjDSVy8mN0muC/E=
-27,7,ZaYBKCUyNuBQEyaKdnOfZjZNGzM=,Gxbe2PHJ5bQSMzUwVctmaod9BqY=
-26,1,ZaYBKCUyNuBQEyaKdnOfZjZNGzM=,Gxbe2PHJ5bQSMzUwVctmaod9BqY=
-23,5,ZaYBKCUyNuBQEyaKdnOfZjZNGzM=,umoVlQlUkBRyqjDSVy8mN0muC/E=
-27,1,ZaYBKCUyNuBQEyaKdnOfZjZNGzM=,Gxbe2PHJ5bQSMzUwVctmaod9BqY=
-23,3,ZaYBKCUyNuBQEyaKdnOfZjZNGzM=,umoVlQlUkBRyqjDSVy8mN0muC/E=
-31,4,ZaYBKCUyNuBQEyaKdnOfZjZNGzM=,Gxbe2PHJ5bQSMzUwVctmaod9BqY=
-25,2,ZaYBKCUyNuBQEyaKdnOfZjZNGzM=,Gxbe2PHJ5bQSMzUwVctmaod9BqY=
-24,5,ZaYBKCUyNuBQEyaKdnOfZjZNGzM=,umoVlQlUkBRyqjDSVy8mN0muC/E=
-25,5,ZaYBKCUyNuBQEyaKdnOfZjZNGzM=,Gxbe2PHJ5bQSMzUwVctmaod9BqY=
-31,0,ZaYBKCUyNuBQEyaKdnOfZjZNGzM=,Gxbe2PHJ5bQSMzUwVctmaod9BqY=
-22,3,ZaYBKCUyNuBQEyaKdnOfZjZNGzM=,umoVlQlUkBRyqjDSVy8mN0muC/E=
-26,2,ZaYBKCUyNuBQEyaKdnOfZjZNGzM=,Gxbe2PHJ5bQSMzUwVctmaod9BqY=
-28,1,ZaYBKCUyNuBQEyaKdnOfZjZNGzM=,Gxbe2PHJ5bQSMzUwVctmaod9BqY=
-32,1,ZaYBKCUyNuBQEyaKdnOfZjZNGzM=,Gxbe2PHJ5bQSMzUwVctmaod9BqY=
-26,5,ZaYBKCUyNuBQEyaKdnOfZjZNGzM=,Gxbe2PHJ5bQSMzUwVctmaod9BqY=
-27,2,ZaYBKCUyNuBQEyaKdnOfZjZNGzM=,Gxbe2PHJ5bQSMzUwVctmaod9BqY=
-27,5,ZaYBKCUyNuBQEyaKdnOfZjZNGzM=,Gxbe2PHJ5bQSMzUwVctmaod9BqY=
-30,0,ZaYBKCUyNuBQEyaKdnOfZjZNGzM=,Gxbe2PHJ5bQSMzUwVctmaod9BqY=
-26,7,ZaYBKCUyNuBQEyaKdnOfZjZNGzM=,Gxbe2PHJ5bQSMzUwVctmaod9BqY=
-25,7,ZaYBKCUyNuBQEyaKdnOfZjZNGzM=,Gxbe2PHJ5bQSMzUwVctmaod9BqY=
-24,6,ZaYBKCUyNuBQEyaKdnOfZjZNGzM=,umoVlQlUkBRyqjDSVy8mN0muC/E=
-32,3,ZaYBKCUyNuBQEyaKdnOfZjZNGzM=,Gxbe2PHJ5bQSMzUwVctmaod9BqY=
-31,3,ZaYBKCUyNuBQEyaKdnOfZjZNGzM=,Gxbe2PHJ5bQSMzUwVctmaod9BqY=
-30,3,ZaYBKCUyNuBQEyaKdnOfZjZNGzM=,Gxbe2PHJ5bQSMzUwVctmaod9BqY=
-28,2,ZaYBKCUyNuBQEyaKdnOfZjZNGzM=,Gxbe2PHJ5bQSMzUwVctmaod9BqY=
-29,1,ZaYBKCUyNuBQEyaKdnOfZjZNGzM=,Gxbe2PHJ5bQSMzUwVctmaod9BqY=
-23,2,ZaYBKCUyNuBQEyaKdnOfZjZNGzM=,umoVlQlUkBRyqjDSVy8mN0muC/E=
-25,0,ZaYBKCUyNuBQEyaKdnOfZjZNGzM=,Gxbe2PHJ5bQSMzUwVctmaod9BqY=
-31,5,ZaYBKCUyNuBQEyaKdnOfZjZNGzM=,Gxbe2PHJ5bQSMzUwVctmaod9BqY=
-32,5,ZaYBKCUyNuBQEyaKdnOfZjZNGzM=,Gxbe2PHJ5bQSMzUwVctmaod9BqY=
-26,0,ZaYBKCUyNuBQEyaKdnOfZjZNGzM=,Gxbe2PHJ5bQSMzUwVctmaod9BqY=
-22,4,ZaYBKCUyNuBQEyaKdnOfZjZNGzM=,umoVlQlUkBRyqjDSVy8mN0muC/E=
-25,4,ZaYBKCUyNuBQEyaKdnOfZjZNGzM=,Gxbe2PHJ5bQSMzUwVctmaod9BqY=
-29,2,ZaYBKCUyNuBQEyaKdnOfZjZNGzM=,Gxbe2PHJ5bQSMzUwVctmaod9BqY=
-26,4,ZaYBKCUyNuBQEyaKdnOfZjZNGzM=,Gxbe2PHJ5bQSMzUwVctmaod9BqY=
-25,6,ZaYBKCUyNuBQEyaKdnOfZjZNGzM=,Gxbe2PHJ5bQSMzUwVctmaod9BqY=
-23,4,ZaYBKCUyNuBQEyaKdnOfZjZNGzM=,umoVlQlUkBRyqjDSVy8mN0muC/E=
-27,4,ZaYBKCUyNuBQEyaKdnOfZjZNGzM=,Gxbe2PHJ5bQSMzUwVctmaod9BqY=
-29,0,ZaYBKCUyNuBQEyaKdnOfZjZNGzM=,Gxbe2PHJ5bQSMzUwVctmaod9BqY=
-22,2,ZaYBKCUyNuBQEyaKdnOfZjZNGzM=,umoVlQlUkBRyqjDSVy8mN0muC/E=
-30,2,ZaYBKCUyNuBQEyaKdnOfZjZNGzM=,Gxbe2PHJ5bQSMzUwVctmaod9BqY=
-27,0,ZaYBKCUyNuBQEyaKdnOfZjZNGzM=,Gxbe2PHJ5bQSMzUwVctmaod9BqY=
-24,4,ZaYBKCUyNuBQEyaKdnOfZjZNGzM=,umoVlQlUkBRyqjDSVy8mN0muC/E=
-24,0,ZaYBKCUyNuBQEyaKdnOfZjZNGzM=,umoVlQlUkBRyqjDSVy8mN0muC/E=
-22,1,ZaYBKCUyNuBQEyaKdnOfZjZNGzM=,umoVlQlUkBRyqjDSVy8mN0muC/E=
-23,1,ZaYBKCUyNuBQEyaKdnOfZjZNGzM=,umoVlQlUkBRyqjDSVy8mN0muC/E=
-32,4,ZaYBKCUyNuBQEyaKdnOfZjZNGzM=,Gxbe2PHJ5bQSMzUwVctmaod9BqY=
-28,4,ZaYBKCUyNuBQEyaKdnOfZjZNGzM=,Gxbe2PHJ5bQSMzUwVctmaod9BqY=
-24,1,ZaYBKCUyNuBQEyaKdnOfZjZNGzM=,umoVlQlUkBRyqjDSVy8mN0muC/E=
-28,0,ZaYBKCUyNuBQEyaKdnOfZjZNGzM=,Gxbe2PHJ5bQSMzUwVctmaod9BqY=
-26,3,ZaYBKCUyNuBQEyaKdnOfZjZNGzM=,Gxbe2PHJ5bQSMzUwVctmaod9BqY=
-25,3,ZaYBKCUyNuBQEyaKdnOfZjZNGzM=,Gxbe2PHJ5bQSMzUwVctmaod9BqY=
-26,6,ZaYBKCUyNuBQEyaKdnOfZjZNGzM=,Gxbe2PHJ5bQSMzUwVctmaod9BqY=
-29,4,ZaYBKCUyNuBQEyaKdnOfZjZNGzM=,Gxbe2PHJ5bQSMzUwVctmaod9BqY=
-27,3,ZaYBKCUyNuBQEyaKdnOfZjZNGzM=,Gxbe2PHJ5bQSMzUwVctmaod9BqY=
-30,4,ZaYBKCUyNuBQEyaKdnOfZjZNGzM=,Gxbe2PHJ5bQSMzUwVctmaod9BqY=
-28,3,ZaYBKCUyNuBQEyaKdnOfZjZNGzM=,Gxbe2PHJ5bQSMzUwVctmaod9BqY=
-29,3,ZaYBKCUyNuBQEyaKdnOfZjZNGzM=,Gxbe2PHJ5bQSMzUwVctmaod9BqY=
-23,0,ZaYBKCUyNuBQEyaKdnOfZjZNGzM=,umoVlQlUkBRyqjDSVy8mN0muC/E=
-22,0,ZaYBKCUyNuBQEyaKdnOfZjZNGzM=,umoVlQlUkBRyqjDSVy8mN0muC/E=
-15,20,djZasPofRWcbzV7PAxztmpHYT4Y=,sX0UczDe5qX2lHuHriKaQrUp4+s=
-16,23,djZasPofRWcbzV7PAxztmpHYT4Y=,sX0UczDe5qX2lHuHriKaQrUp4+s=
-14,22,djZasPofRWcbzV7PAxztmpHYT4Y=,sX0UczDe5qX2lHuHriKaQrUp4+s=
-15,22,djZasPofRWcbzV7PAxztmpHYT4Y=,sX0UczDe5qX2lHuHriKaQrUp4+s=
-16,22,djZasPofRWcbzV7PAxztmpHYT4Y=,sX0UczDe5qX2lHuHriKaQrUp4+s=
-15,21,djZasPofRWcbzV7PAxztmpHYT4Y=,sX0UczDe5qX2lHuHriKaQrUp4+s=
-16,21,djZasPofRWcbzV7PAxztmpHYT4Y=,sX0UczDe5qX2lHuHriKaQrUp4+s=
-16,17,djZasPofRWcbzV7PAxztmpHYT4Y=,sX0UczDe5qX2lHuHriKaQrUp4+s=
-12,18,djZasPofRWcbzV7PAxztmpHYT4Y=,sX0UczDe5qX2lHuHriKaQrUp4+s=
-13,18,djZasPofRWcbzV7PAxztmpHYT4Y=,sX0UczDe5qX2lHuHriKaQrUp4+s=
-14,18,djZasPofRWcbzV7PAxztmpHYT4Y=,sX0UczDe5qX2lHuHriKaQrUp4+s=
-16,20,djZasPofRWcbzV7PAxztmpHYT4Y=,sX0UczDe5qX2lHuHriKaQrUp4+s=
-12,21,djZasPofRWcbzV7PAxztmpHYT4Y=,sX0UczDe5qX2lHuHriKaQrUp4+s=
-15,18,djZasPofRWcbzV7PAxztmpHYT4Y=,sX0UczDe5qX2lHuHriKaQrUp4+s=
-13,21,djZasPofRWcbzV7PAxztmpHYT4Y=,sX0UczDe5qX2lHuHriKaQrUp4+s=
-14,21,djZasPofRWcbzV7PAxztmpHYT4Y=,sX0UczDe5qX2lHuHriKaQrUp4+s=
-12,16,djZasPofRWcbzV7PAxztmpHYT4Y=,sX0UczDe5qX2lHuHriKaQrUp4+s=
-13,16,djZasPofRWcbzV7PAxztmpHYT4Y=,sX0UczDe5qX2lHuHriKaQrUp4+s=
-16,18,djZasPofRWcbzV7PAxztmpHYT4Y=,sX0UczDe5qX2lHuHriKaQrUp4+s=
-2,21,djZasPofRWcbzV7PAxztmpHYT4Y=,5ymD5mEYVx29uTK6lo5c5Bmq3xA=
-3,21,djZasPofRWcbzV7PAxztmpHYT4Y=,5ymD5mEYVx29uTK6lo5c5Bmq3xA=
-9,18,djZasPofRWcbzV7PAxztmpHYT4Y=,sX0UczDe5qX2lHuHriKaQrUp4+s=
-10,18,djZasPofRWcbzV7PAxztmpHYT4Y=,sX0UczDe5qX2lHuHriKaQrUp4+s=
-8,18,djZasPofRWcbzV7PAxztmpHYT4Y=,5ymD5mEYVx29uTK6lo5c5Bmq3xA=
-4,21,djZasPofRWcbzV7PAxztmpHYT4Y=,5ymD5mEYVx29uTK6lo5c5Bmq3xA=
-12,19,djZasPofRWcbzV7PAxztmpHYT4Y=,sX0UczDe5qX2lHuHriKaQrUp4+s=
-3,22,djZasPofRWcbzV7PAxztmpHYT4Y=,5ymD5mEYVx29uTK6lo5c5Bmq3xA=
-5,21,djZasPofRWcbzV7PAxztmpHYT4Y=,5ymD5mEYVx29uTK6lo5c5Bmq3xA=
-1,17,djZasPofRWcbzV7PAxztmpHYT4Y=,5ymD5mEYVx29uTK6lo5c5Bmq3xA=
-2,22,djZasPofRWcbzV7PAxztmpHYT4Y=,5ymD5mEYVx29uTK6lo5c5Bmq3xA=
-13,19,djZasPofRWcbzV7PAxztmpHYT4Y=,sX0UczDe5qX2lHuHriKaQrUp4+s=
-2,17,djZasPofRWcbzV7PAxztmpHYT4Y=,5ymD5mEYVx29uTK6lo5c5Bmq3xA=
-1,18,djZasPofRWcbzV7PAxztmpHYT4Y=,5ymD5mEYVx29uTK6lo5c5Bmq3xA=
-4,22,djZasPofRWcbzV7PAxztmpHYT4Y=,5ymD5mEYVx29uTK6lo5c5Bmq3xA=
-5,22,djZasPofRWcbzV7PAxztmpHYT4Y=,5ymD5mEYVx29uTK6lo5c5Bmq3xA=
-8,19,djZasPofRWcbzV7PAxztmpHYT4Y=,5ymD5mEYVx29uTK6lo5c5Bmq3xA=
-6,21,djZasPofRWcbzV7PAxztmpHYT4Y=,5ymD5mEYVx29uTK6lo5c5Bmq3xA=
-9,21,djZasPofRWcbzV7PAxztmpHYT4Y=,sX0UczDe5qX2lHuHriKaQrUp4+s=
-1,22,djZasPofRWcbzV7PAxztmpHYT4Y=,5ymD5mEYVx29uTK6lo5c5Bmq3xA=
-14,19,djZasPofRWcbzV7PAxztmpHYT4Y=,sX0UczDe5qX2lHuHriKaQrUp4+s=
-15,19,djZasPofRWcbzV7PAxztmpHYT4Y=,sX0UczDe5qX2lHuHriKaQrUp4+s=
-8,23,djZasPofRWcbzV7PAxztmpHYT4Y=,5ymD5mEYVx29uTK6lo5c5Bmq3xA=
-10,21,djZasPofRWcbzV7PAxztmpHYT4Y=,sX0UczDe5qX2lHuHriKaQrUp4+s=
-16,19,djZasPofRWcbzV7PAxztmpHYT4Y=,sX0UczDe5qX2lHuHriKaQrUp4+s=
-7,23,djZasPofRWcbzV7PAxztmpHYT4Y=,5ymD5mEYVx29uTK6lo5c5Bmq3xA=
-9,16,djZasPofRWcbzV7PAxztmpHYT4Y=,sX0UczDe5qX2lHuHriKaQrUp4+s=
-12,20,djZasPofRWcbzV7PAxztmpHYT4Y=,sX0UczDe5qX2lHuHriKaQrUp4+s=
-6,23,djZasPofRWcbzV7PAxztmpHYT4Y=,5ymD5mEYVx29uTK6lo5c5Bmq3xA=
-11,21,djZasPofRWcbzV7PAxztmpHYT4Y=,sX0UczDe5qX2lHuHriKaQrUp4+s=
-12,17,djZasPofRWcbzV7PAxztmpHYT4Y=,sX0UczDe5qX2lHuHriKaQrUp4+s=
-11,22,djZasPofRWcbzV7PAxztmpHYT4Y=,sX0UczDe5qX2lHuHriKaQrUp4+s=
-14,16,djZasPofRWcbzV7PAxztmpHYT4Y=,sX0UczDe5qX2lHuHriKaQrUp4+s=
-10,16,djZasPofRWcbzV7PAxztmpHYT4Y=,sX0UczDe5qX2lHuHriKaQrUp4+s=
-5,23,djZasPofRWcbzV7PAxztmpHYT4Y=,5ymD5mEYVx29uTK6lo5c5Bmq3xA=
-6,22,djZasPofRWcbzV7PAxztmpHYT4Y=,5ymD5mEYVx29uTK6lo5c5Bmq3xA=
-7,21,djZasPofRWcbzV7PAxztmpHYT4Y=,5ymD5mEYVx29uTK6lo5c5Bmq3xA=
-4,23,djZasPofRWcbzV7PAxztmpHYT4Y=,5ymD5mEYVx29uTK6lo5c5Bmq3xA=
-8,21,djZasPofRWcbzV7PAxztmpHYT4Y=,5ymD5mEYVx29uTK6lo5c5Bmq3xA=
-15,16,djZasPofRWcbzV7PAxztmpHYT4Y=,sX0UczDe5qX2lHuHriKaQrUp4+s=
-3,23,djZasPofRWcbzV7PAxztmpHYT4Y=,5ymD5mEYVx29uTK6lo5c5Bmq3xA=
-16,16,djZasPofRWcbzV7PAxztmpHYT4Y=,sX0UczDe5qX2lHuHriKaQrUp4+s=
-2,23,djZasPofRWcbzV7PAxztmpHYT4Y=,5ymD5mEYVx29uTK6lo5c5Bmq3xA=
-13,17,djZasPofRWcbzV7PAxztmpHYT4Y=,sX0UczDe5qX2lHuHriKaQrUp4+s=
-1,20,djZasPofRWcbzV7PAxztmpHYT4Y=,5ymD5mEYVx29uTK6lo5c5Bmq3xA=
-1,23,djZasPofRWcbzV7PAxztmpHYT4Y=,5ymD5mEYVx29uTK6lo5c5Bmq3xA=
-12,23,djZasPofRWcbzV7PAxztmpHYT4Y=,sX0UczDe5qX2lHuHriKaQrUp4+s=
-11,23,djZasPofRWcbzV7PAxztmpHYT4Y=,sX0UczDe5qX2lHuHriKaQrUp4+s=
-2,20,djZasPofRWcbzV7PAxztmpHYT4Y=,5ymD5mEYVx29uTK6lo5c5Bmq3xA=
-13,23,djZasPofRWcbzV7PAxztmpHYT4Y=,sX0UczDe5qX2lHuHriKaQrUp4+s=
-14,17,djZasPofRWcbzV7PAxztmpHYT4Y=,sX0UczDe5qX2lHuHriKaQrUp4+s=
-10,23,djZasPofRWcbzV7PAxztmpHYT4Y=,sX0UczDe5qX2lHuHriKaQrUp4+s=
-3,20,djZasPofRWcbzV7PAxztmpHYT4Y=,5ymD5mEYVx29uTK6lo5c5Bmq3xA=
-10,22,djZasPofRWcbzV7PAxztmpHYT4Y=,sX0UczDe5qX2lHuHriKaQrUp4+s=
-13,20,djZasPofRWcbzV7PAxztmpHYT4Y=,sX0UczDe5qX2lHuHriKaQrUp4+s=
-4,20,djZasPofRWcbzV7PAxztmpHYT4Y=,5ymD5mEYVx29uTK6lo5c5Bmq3xA=
-9,22,djZasPofRWcbzV7PAxztmpHYT4Y=,sX0UczDe5qX2lHuHriKaQrUp4+s=
-14,20,djZasPofRWcbzV7PAxztmpHYT4Y=,sX0UczDe5qX2lHuHriKaQrUp4+s=
-5,20,djZasPofRWcbzV7PAxztmpHYT4Y=,5ymD5mEYVx29uTK6lo5c5Bmq3xA=
-11,20,djZasPofRWcbzV7PAxztmpHYT4Y=,sX0UczDe5qX2lHuHriKaQrUp4+s=
-15,17,djZasPofRWcbzV7PAxztmpHYT4Y=,sX0UczDe5qX2lHuHriKaQrUp4+s=
-12,22,djZasPofRWcbzV7PAxztmpHYT4Y=,sX0UczDe5qX2lHuHriKaQrUp4+s=
-10,20,djZasPofRWcbzV7PAxztmpHYT4Y=,sX0UczDe5qX2lHuHriKaQrUp4+s=
-13,22,djZasPofRWcbzV7PAxztmpHYT4Y=,sX0UczDe5qX2lHuHriKaQrUp4+s=
-6,20,djZasPofRWcbzV7PAxztmpHYT4Y=,5ymD5mEYVx29uTK6lo5c5Bmq3xA=
-9,23,djZasPofRWcbzV7PAxztmpHYT4Y=,sX0UczDe5qX2lHuHriKaQrUp4+s=
-15,23,djZasPofRWcbzV7PAxztmpHYT4Y=,sX0UczDe5qX2lHuHriKaQrUp4+s=
-14,23,djZasPofRWcbzV7PAxztmpHYT4Y=,sX0UczDe5qX2lHuHriKaQrUp4+s=
-8,16,djZasPofRWcbzV7PAxztmpHYT4Y=,5ymD5mEYVx29uTK6lo5c5Bmq3xA=
-9,20,djZasPofRWcbzV7PAxztmpHYT4Y=,sX0UczDe5qX2lHuHriKaQrUp4+s=
-7,22,djZasPofRWcbzV7PAxztmpHYT4Y=,5ymD5mEYVx29uTK6lo5c5Bmq3xA=
-7,18,djZasPofRWcbzV7PAxztmpHYT4Y=,5ymD5mEYVx29uTK6lo5c5Bmq3xA=
-11,18,djZasPofRWcbzV7PAxztmpHYT4Y=,sX0UczDe5qX2lHuHriKaQrUp4+s=
-11,17,djZasPofRWcbzV7PAxztmpHYT4Y=,sX0UczDe5qX2lHuHriKaQrUp4+s=
-8,22,djZasPofRWcbzV7PAxztmpHYT4Y=,5ymD5mEYVx29uTK6lo5c5Bmq3xA=
-6,18,djZasPofRWcbzV7PAxztmpHYT4Y=,5ymD5mEYVx29uTK6lo5c5Bmq3xA=
-3,17,djZasPofRWcbzV7PAxztmpHYT4Y=,5ymD5mEYVx29uTK6lo5c5Bmq3xA=
-7,19,djZasPofRWcbzV7PAxztmpHYT4Y=,5ymD5mEYVx29uTK6lo5c5Bmq3xA=
-4,17,djZasPofRWcbzV7PAxztmpHYT4Y=,5ymD5mEYVx29uTK6lo5c5Bmq3xA=
-6,19,djZasPofRWcbzV7PAxztmpHYT4Y=,5ymD5mEYVx29uTK6lo5c5Bmq3xA=
-5,17,djZasPofRWcbzV7PAxztmpHYT4Y=,5ymD5mEYVx29uTK6lo5c5Bmq3xA=
-5,19,djZasPofRWcbzV7PAxztmpHYT4Y=,5ymD5mEYVx29uTK6lo5c5Bmq3xA=
-2,18,djZasPofRWcbzV7PAxztmpHYT4Y=,5ymD5mEYVx29uTK6lo5c5Bmq3xA=
-7,16,djZasPofRWcbzV7PAxztmpHYT4Y=,5ymD5mEYVx29uTK6lo5c5Bmq3xA=
-1,21,djZasPofRWcbzV7PAxztmpHYT4Y=,5ymD5mEYVx29uTK6lo5c5Bmq3xA=
-6,16,djZasPofRWcbzV7PAxztmpHYT4Y=,5ymD5mEYVx29uTK6lo5c5Bmq3xA=
-3,18,djZasPofRWcbzV7PAxztmpHYT4Y=,5ymD5mEYVx29uTK6lo5c5Bmq3xA=
-5,16,djZasPofRWcbzV7PAxztmpHYT4Y=,5ymD5mEYVx29uTK6lo5c5Bmq3xA=
-9,19,djZasPofRWcbzV7PAxztmpHYT4Y=,sX0UczDe5qX2lHuHriKaQrUp4+s=
-4,16,djZasPofRWcbzV7PAxztmpHYT4Y=,5ymD5mEYVx29uTK6lo5c5Bmq3xA=
-7,20,djZasPofRWcbzV7PAxztmpHYT4Y=,5ymD5mEYVx29uTK6lo5c5Bmq3xA=
-3,16,djZasPofRWcbzV7PAxztmpHYT4Y=,5ymD5mEYVx29uTK6lo5c5Bmq3xA=
-6,17,djZasPofRWcbzV7PAxztmpHYT4Y=,5ymD5mEYVx29uTK6lo5c5Bmq3xA=
-11,19,djZasPofRWcbzV7PAxztmpHYT4Y=,sX0UczDe5qX2lHuHriKaQrUp4+s=
-8,20,djZasPofRWcbzV7PAxztmpHYT4Y=,5ymD5mEYVx29uTK6lo5c5Bmq3xA=
-10,17,djZasPofRWcbzV7PAxztmpHYT4Y=,sX0UczDe5qX2lHuHriKaQrUp4+s=
-4,19,djZasPofRWcbzV7PAxztmpHYT4Y=,5ymD5mEYVx29uTK6lo5c5Bmq3xA=
-1,19,djZasPofRWcbzV7PAxztmpHYT4Y=,5ymD5mEYVx29uTK6lo5c5Bmq3xA=
-9,17,djZasPofRWcbzV7PAxztmpHYT4Y=,sX0UczDe5qX2lHuHriKaQrUp4+s=
-11,16,djZasPofRWcbzV7PAxztmpHYT4Y=,sX0UczDe5qX2lHuHriKaQrUp4+s=
-10,19,djZasPofRWcbzV7PAxztmpHYT4Y=,sX0UczDe5qX2lHuHriKaQrUp4+s=
-5,18,djZasPofRWcbzV7PAxztmpHYT4Y=,5ymD5mEYVx29uTK6lo5c5Bmq3xA=
-4,18,djZasPofRWcbzV7PAxztmpHYT4Y=,5ymD5mEYVx29uTK6lo5c5Bmq3xA=
-2,19,djZasPofRWcbzV7PAxztmpHYT4Y=,5ymD5mEYVx29uTK6lo5c5Bmq3xA=
-3,19,djZasPofRWcbzV7PAxztmpHYT4Y=,5ymD5mEYVx29uTK6lo5c5Bmq3xA=
-7,17,djZasPofRWcbzV7PAxztmpHYT4Y=,5ymD5mEYVx29uTK6lo5c5Bmq3xA=
-2,16,djZasPofRWcbzV7PAxztmpHYT4Y=,5ymD5mEYVx29uTK6lo5c5Bmq3xA=
-8,17,djZasPofRWcbzV7PAxztmpHYT4Y=,5ymD5mEYVx29uTK6lo5c5Bmq3xA=
-1,16,djZasPofRWcbzV7PAxztmpHYT4Y=,5ymD5mEYVx29uTK6lo5c5Bmq3xA=
-5,11,LFnJXB3L8c1ckR+fOHlYIAu0krc=,RvIS+gjeghebNteB0pc74iftF1A=
-4,11,LFnJXB3L8c1ckR+fOHlYIAu0krc=,RvIS+gjeghebNteB0pc74iftF1A=
-5,12,LFnJXB3L8c1ckR+fOHlYIAu0krc=,RvIS+gjeghebNteB0pc74iftF1A=
-4,12,LFnJXB3L8c1ckR+fOHlYIAu0krc=,RvIS+gjeghebNteB0pc74iftF1A=
-10,12,3cLPukMSSd3zTIO5+MRJEH670yc=,tCB7tcapZvjkhpwrdUAZrc/W0h8=
-13,12,3cLPukMSSd3zTIO5+MRJEH670yc=,tCB7tcapZvjkhpwrdUAZrc/W0h8=
-9,12,3cLPukMSSd3zTIO5+MRJEH670yc=,tCB7tcapZvjkhpwrdUAZrc/W0h8=
-12,12,3cLPukMSSd3zTIO5+MRJEH670yc=,tCB7tcapZvjkhpwrdUAZrc/W0h8=
-11,12,3cLPukMSSd3zTIO5+MRJEH670yc=,tCB7tcapZvjkhpwrdUAZrc/W0h8=
-8,11,LFnJXB3L8c1ckR+fOHlYIAu0krc=,RvIS+gjeghebNteB0pc74iftF1A=
-7,11,LFnJXB3L8c1ckR+fOHlYIAu0krc=,RvIS+gjeghebNteB0pc74iftF1A=
-6,11,LFnJXB3L8c1ckR+fOHlYIAu0krc=,RvIS+gjeghebNteB0pc74iftF1A=
-8,12,LFnJXB3L8c1ckR+fOHlYIAu0krc=,RvIS+gjeghebNteB0pc74iftF1A=
-13,11,3cLPukMSSd3zTIO5+MRJEH670yc=,tCB7tcapZvjkhpwrdUAZrc/W0h8=
-12,11,3cLPukMSSd3zTIO5+MRJEH670yc=,tCB7tcapZvjkhpwrdUAZrc/W0h8=
-11,11,3cLPukMSSd3zTIO5+MRJEH670yc=,tCB7tcapZvjkhpwrdUAZrc/W0h8=
-7,12,LFnJXB3L8c1ckR+fOHlYIAu0krc=,RvIS+gjeghebNteB0pc74iftF1A=
-10,11,3cLPukMSSd3zTIO5+MRJEH670yc=,tCB7tcapZvjkhpwrdUAZrc/W0h8=
-6,12,LFnJXB3L8c1ckR+fOHlYIAu0krc=,RvIS+gjeghebNteB0pc74iftF1A=
-9,11,3cLPukMSSd3zTIO5+MRJEH670yc=,tCB7tcapZvjkhpwrdUAZrc/W0h8=
-2,12,LFnJXB3L8c1ckR+fOHlYIAu0krc=,RvIS+gjeghebNteB0pc74iftF1A=
-1,12,LFnJXB3L8c1ckR+fOHlYIAu0krc=,RvIS+gjeghebNteB0pc74iftF1A=
-3,11,LFnJXB3L8c1ckR+fOHlYIAu0krc=,RvIS+gjeghebNteB0pc74iftF1A=
-2,11,LFnJXB3L8c1ckR+fOHlYIAu0krc=,RvIS+gjeghebNteB0pc74iftF1A=
-1,11,LFnJXB3L8c1ckR+fOHlYIAu0krc=,RvIS+gjeghebNteB0pc74iftF1A=
-3,12,LFnJXB3L8c1ckR+fOHlYIAu0krc=,RvIS+gjeghebNteB0pc74iftF1A=
-16,12,sGvjYohqy873TwZGMnCtbYpapbo=,tCB7tcapZvjkhpwrdUAZrc/W0h8=
-15,12,sGvjYohqy873TwZGMnCtbYpapbo=,tCB7tcapZvjkhpwrdUAZrc/W0h8=
-14,11,sGvjYohqy873TwZGMnCtbYpapbo=,tCB7tcapZvjkhpwrdUAZrc/W0h8=
-15,11,sGvjYohqy873TwZGMnCtbYpapbo=,tCB7tcapZvjkhpwrdUAZrc/W0h8=
-14,12,sGvjYohqy873TwZGMnCtbYpapbo=,tCB7tcapZvjkhpwrdUAZrc/W0h8=
-16,11,sGvjYohqy873TwZGMnCtbYpapbo=,tCB7tcapZvjkhpwrdUAZrc/W0h8=
-5,13,LFnJXB3L8c1ckR+fOHlYIAu0krc=,RvIS+gjeghebNteB0pc74iftF1A=
-4,13,LFnJXB3L8c1ckR+fOHlYIAu0krc=,RvIS+gjeghebNteB0pc74iftF1A=
-5,15,LFnJXB3L8c1ckR+fOHlYIAu0krc=,RvIS+gjeghebNteB0pc74iftF1A=
-4,15,LFnJXB3L8c1ckR+fOHlYIAu0krc=,RvIS+gjeghebNteB0pc74iftF1A=
-5,14,LFnJXB3L8c1ckR+fOHlYIAu0krc=,RvIS+gjeghebNteB0pc74iftF1A=
-4,14,LFnJXB3L8c1ckR+fOHlYIAu0krc=,RvIS+gjeghebNteB0pc74iftF1A=
-10,14,RNoS5VS3CC94utX9NHkYVsGchD0=,tCB7tcapZvjkhpwrdUAZrc/W0h8=
-9,14,RNoS5VS3CC94utX9NHkYVsGchD0=,tCB7tcapZvjkhpwrdUAZrc/W0h8=
-13,15,RNoS5VS3CC94utX9NHkYVsGchD0=,tCB7tcapZvjkhpwrdUAZrc/W0h8=
-12,15,RNoS5VS3CC94utX9NHkYVsGchD0=,tCB7tcapZvjkhpwrdUAZrc/W0h8=
-13,13,RNoS5VS3CC94utX9NHkYVsGchD0=,tCB7tcapZvjkhpwrdUAZrc/W0h8=
-11,15,RNoS5VS3CC94utX9NHkYVsGchD0=,tCB7tcapZvjkhpwrdUAZrc/W0h8=
-10,15,RNoS5VS3CC94utX9NHkYVsGchD0=,tCB7tcapZvjkhpwrdUAZrc/W0h8=
-8,13,CDOkqhMb+eJVOjXci7PmeY9bb/I=,RvIS+gjeghebNteB0pc74iftF1A=
-7,13,CDOkqhMb+eJVOjXci7PmeY9bb/I=,RvIS+gjeghebNteB0pc74iftF1A=
-12,13,RNoS5VS3CC94utX9NHkYVsGchD0=,tCB7tcapZvjkhpwrdUAZrc/W0h8=
-6,13,CDOkqhMb+eJVOjXci7PmeY9bb/I=,RvIS+gjeghebNteB0pc74iftF1A=
-8,15,CDOkqhMb+eJVOjXci7PmeY9bb/I=,RvIS+gjeghebNteB0pc74iftF1A=
-11,13,RNoS5VS3CC94utX9NHkYVsGchD0=,tCB7tcapZvjkhpwrdUAZrc/W0h8=
-7,15,CDOkqhMb+eJVOjXci7PmeY9bb/I=,RvIS+gjeghebNteB0pc74iftF1A=
-6,15,CDOkqhMb+eJVOjXci7PmeY9bb/I=,RvIS+gjeghebNteB0pc74iftF1A=
-10,13,RNoS5VS3CC94utX9NHkYVsGchD0=,tCB7tcapZvjkhpwrdUAZrc/W0h8=
-9,13,RNoS5VS3CC94utX9NHkYVsGchD0=,tCB7tcapZvjkhpwrdUAZrc/W0h8=
-9,15,RNoS5VS3CC94utX9NHkYVsGchD0=,tCB7tcapZvjkhpwrdUAZrc/W0h8=
-13,14,RNoS5VS3CC94utX9NHkYVsGchD0=,tCB7tcapZvjkhpwrdUAZrc/W0h8=
-12,14,RNoS5VS3CC94utX9NHkYVsGchD0=,tCB7tcapZvjkhpwrdUAZrc/W0h8=
-11,14,RNoS5VS3CC94utX9NHkYVsGchD0=,tCB7tcapZvjkhpwrdUAZrc/W0h8=
-8,14,CDOkqhMb+eJVOjXci7PmeY9bb/I=,RvIS+gjeghebNteB0pc74iftF1A=
-7,14,CDOkqhMb+eJVOjXci7PmeY9bb/I=,RvIS+gjeghebNteB0pc74iftF1A=
-6,14,CDOkqhMb+eJVOjXci7PmeY9bb/I=,RvIS+gjeghebNteB0pc74iftF1A=
-16,15,RNoS5VS3CC94utX9NHkYVsGchD0=,tCB7tcapZvjkhpwrdUAZrc/W0h8=
-15,15,RNoS5VS3CC94utX9NHkYVsGchD0=,tCB7tcapZvjkhpwrdUAZrc/W0h8=
-16,13,RNoS5VS3CC94utX9NHkYVsGchD0=,tCB7tcapZvjkhpwrdUAZrc/W0h8=
-14,15,RNoS5VS3CC94utX9NHkYVsGchD0=,tCB7tcapZvjkhpwrdUAZrc/W0h8=
-15,13,RNoS5VS3CC94utX9NHkYVsGchD0=,tCB7tcapZvjkhpwrdUAZrc/W0h8=
-14,13,RNoS5VS3CC94utX9NHkYVsGchD0=,tCB7tcapZvjkhpwrdUAZrc/W0h8=
-16,14,RNoS5VS3CC94utX9NHkYVsGchD0=,tCB7tcapZvjkhpwrdUAZrc/W0h8=
-15,14,RNoS5VS3CC94utX9NHkYVsGchD0=,tCB7tcapZvjkhpwrdUAZrc/W0h8=
-14,14,RNoS5VS3CC94utX9NHkYVsGchD0=,tCB7tcapZvjkhpwrdUAZrc/W0h8=
-2,14,LFnJXB3L8c1ckR+fOHlYIAu0krc=,RvIS+gjeghebNteB0pc74iftF1A=
-1,14,LFnJXB3L8c1ckR+fOHlYIAu0krc=,RvIS+gjeghebNteB0pc74iftF1A=
-3,13,LFnJXB3L8c1ckR+fOHlYIAu0krc=,RvIS+gjeghebNteB0pc74iftF1A=
-2,13,LFnJXB3L8c1ckR+fOHlYIAu0krc=,RvIS+gjeghebNteB0pc74iftF1A=
-1,13,LFnJXB3L8c1ckR+fOHlYIAu0krc=,RvIS+gjeghebNteB0pc74iftF1A=
-3,15,LFnJXB3L8c1ckR+fOHlYIAu0krc=,RvIS+gjeghebNteB0pc74iftF1A=
-2,15,LFnJXB3L8c1ckR+fOHlYIAu0krc=,RvIS+gjeghebNteB0pc74iftF1A=
-1,15,LFnJXB3L8c1ckR+fOHlYIAu0krc=,RvIS+gjeghebNteB0pc74iftF1A=
-3,14,LFnJXB3L8c1ckR+fOHlYIAu0krc=,RvIS+gjeghebNteB0pc74iftF1A=
-14,2,4te11RYJI/TsgoLXqNw7q0ZNnT4=,evM5IVdn+Uc5fxWwv3mxr2fWOYE=
-13,2,4te11RYJI/TsgoLXqNw7q0ZNnT4=,evM5IVdn+Uc5fxWwv3mxr2fWOYE=
-13,4,4te11RYJI/TsgoLXqNw7q0ZNnT4=,evM5IVdn+Uc5fxWwv3mxr2fWOYE=
-14,3,4te11RYJI/TsgoLXqNw7q0ZNnT4=,evM5IVdn+Uc5fxWwv3mxr2fWOYE=
-15,1,4te11RYJI/TsgoLXqNw7q0ZNnT4=,evM5IVdn+Uc5fxWwv3mxr2fWOYE=
-13,3,4te11RYJI/TsgoLXqNw7q0ZNnT4=,evM5IVdn+Uc5fxWwv3mxr2fWOYE=
-12,2,4te11RYJI/TsgoLXqNw7q0ZNnT4=,evM5IVdn+Uc5fxWwv3mxr2fWOYE=
-16,9,GZ4W96vTAMZMtVCku0Qr0psBlEk=,tCB7tcapZvjkhpwrdUAZrc/W0h8=
-15,9,GZ4W96vTAMZMtVCku0Qr0psBlEk=,tCB7tcapZvjkhpwrdUAZrc/W0h8=
-14,9,GZ4W96vTAMZMtVCku0Qr0psBlEk=,tCB7tcapZvjkhpwrdUAZrc/W0h8=
-16,0,4te11RYJI/TsgoLXqNw7q0ZNnT4=,evM5IVdn+Uc5fxWwv3mxr2fWOYE=
-13,9,GZ4W96vTAMZMtVCku0Qr0psBlEk=,tCB7tcapZvjkhpwrdUAZrc/W0h8=
-12,9,GZ4W96vTAMZMtVCku0Qr0psBlEk=,tCB7tcapZvjkhpwrdUAZrc/W0h8=
-12,3,4te11RYJI/TsgoLXqNw7q0ZNnT4=,evM5IVdn+Uc5fxWwv3mxr2fWOYE=
-14,8,GZ4W96vTAMZMtVCku0Qr0psBlEk=,tCB7tcapZvjkhpwrdUAZrc/W0h8=
-15,0,4te11RYJI/TsgoLXqNw7q0ZNnT4=,evM5IVdn+Uc5fxWwv3mxr2fWOYE=
-13,0,4te11RYJI/TsgoLXqNw7q0ZNnT4=,evM5IVdn+Uc5fxWwv3mxr2fWOYE=
-14,0,4te11RYJI/TsgoLXqNw7q0ZNnT4=,evM5IVdn+Uc5fxWwv3mxr2fWOYE=
-13,8,GZ4W96vTAMZMtVCku0Qr0psBlEk=,tCB7tcapZvjkhpwrdUAZrc/W0h8=
-16,10,GZ4W96vTAMZMtVCku0Qr0psBlEk=,tCB7tcapZvjkhpwrdUAZrc/W0h8=
-15,10,GZ4W96vTAMZMtVCku0Qr0psBlEk=,tCB7tcapZvjkhpwrdUAZrc/W0h8=
-14,10,GZ4W96vTAMZMtVCku0Qr0psBlEk=,tCB7tcapZvjkhpwrdUAZrc/W0h8=
-14,5,4te11RYJI/TsgoLXqNw7q0ZNnT4=,evM5IVdn+Uc5fxWwv3mxr2fWOYE=
-12,0,4te11RYJI/TsgoLXqNw7q0ZNnT4=,evM5IVdn+Uc5fxWwv3mxr2fWOYE=
-13,5,4te11RYJI/TsgoLXqNw7q0ZNnT4=,evM5IVdn+Uc5fxWwv3mxr2fWOYE=
-16,6,4te11RYJI/TsgoLXqNw7q0ZNnT4=,evM5IVdn+Uc5fxWwv3mxr2fWOYE=
-15,6,4te11RYJI/TsgoLXqNw7q0ZNnT4=,evM5IVdn+Uc5fxWwv3mxr2fWOYE=
-12,5,4te11RYJI/TsgoLXqNw7q0ZNnT4=,evM5IVdn+Uc5fxWwv3mxr2fWOYE=
-14,6,4te11RYJI/TsgoLXqNw7q0ZNnT4=,evM5IVdn+Uc5fxWwv3mxr2fWOYE=
-14,1,4te11RYJI/TsgoLXqNw7q0ZNnT4=,evM5IVdn+Uc5fxWwv3mxr2fWOYE=
-13,6,4te11RYJI/TsgoLXqNw7q0ZNnT4=,evM5IVdn+Uc5fxWwv3mxr2fWOYE=
-12,6,4te11RYJI/TsgoLXqNw7q0ZNnT4=,evM5IVdn+Uc5fxWwv3mxr2fWOYE=
-13,1,4te11RYJI/TsgoLXqNw7q0ZNnT4=,evM5IVdn+Uc5fxWwv3mxr2fWOYE=
-12,1,4te11RYJI/TsgoLXqNw7q0ZNnT4=,evM5IVdn+Uc5fxWwv3mxr2fWOYE=
-12,8,GZ4W96vTAMZMtVCku0Qr0psBlEk=,tCB7tcapZvjkhpwrdUAZrc/W0h8=
-16,7,4te11RYJI/TsgoLXqNw7q0ZNnT4=,evM5IVdn+Uc5fxWwv3mxr2fWOYE=
-15,7,4te11RYJI/TsgoLXqNw7q0ZNnT4=,evM5IVdn+Uc5fxWwv3mxr2fWOYE=
-16,3,4te11RYJI/TsgoLXqNw7q0ZNnT4=,evM5IVdn+Uc5fxWwv3mxr2fWOYE=
-14,7,4te11RYJI/TsgoLXqNw7q0ZNnT4=,evM5IVdn+Uc5fxWwv3mxr2fWOYE=
-13,7,4te11RYJI/TsgoLXqNw7q0ZNnT4=,evM5IVdn+Uc5fxWwv3mxr2fWOYE=
-13,10,GZ4W96vTAMZMtVCku0Qr0psBlEk=,tCB7tcapZvjkhpwrdUAZrc/W0h8=
-12,7,4te11RYJI/TsgoLXqNw7q0ZNnT4=,evM5IVdn+Uc5fxWwv3mxr2fWOYE=
-12,10,GZ4W96vTAMZMtVCku0Qr0psBlEk=,tCB7tcapZvjkhpwrdUAZrc/W0h8=
-16,5,4te11RYJI/TsgoLXqNw7q0ZNnT4=,evM5IVdn+Uc5fxWwv3mxr2fWOYE=
-15,5,4te11RYJI/TsgoLXqNw7q0ZNnT4=,evM5IVdn+Uc5fxWwv3mxr2fWOYE=
-16,1,4te11RYJI/TsgoLXqNw7q0ZNnT4=,evM5IVdn+Uc5fxWwv3mxr2fWOYE=
-16,2,4te11RYJI/TsgoLXqNw7q0ZNnT4=,evM5IVdn+Uc5fxWwv3mxr2fWOYE=
-15,2,4te11RYJI/TsgoLXqNw7q0ZNnT4=,evM5IVdn+Uc5fxWwv3mxr2fWOYE=
-16,4,4te11RYJI/TsgoLXqNw7q0ZNnT4=,evM5IVdn+Uc5fxWwv3mxr2fWOYE=
-15,4,4te11RYJI/TsgoLXqNw7q0ZNnT4=,evM5IVdn+Uc5fxWwv3mxr2fWOYE=
-12,4,4te11RYJI/TsgoLXqNw7q0ZNnT4=,evM5IVdn+Uc5fxWwv3mxr2fWOYE=
-16,8,GZ4W96vTAMZMtVCku0Qr0psBlEk=,tCB7tcapZvjkhpwrdUAZrc/W0h8=
-15,8,GZ4W96vTAMZMtVCku0Qr0psBlEk=,tCB7tcapZvjkhpwrdUAZrc/W0h8=
-15,3,4te11RYJI/TsgoLXqNw7q0ZNnT4=,evM5IVdn+Uc5fxWwv3mxr2fWOYE=
-14,4,4te11RYJI/TsgoLXqNw7q0ZNnT4=,evM5IVdn+Uc5fxWwv3mxr2fWOYE=
-1,7,boj/0noTt6lny2+TnjjTvH0qI6M=,/tI/vNyRy5toJuJNQvNPyj8mtV0=
-4,5,DfzIfjwc79H1/gpq178PKT6onoM=,/tI/vNyRy5toJuJNQvNPyj8mtV0=
-6,3,DfzIfjwc79H1/gpq178PKT6onoM=,/tI/vNyRy5toJuJNQvNPyj8mtV0=
-5,3,boj/0noTt6lny2+TnjjTvH0qI6M=,/tI/vNyRy5toJuJNQvNPyj8mtV0=
-5,5,boj/0noTt6lny2+TnjjTvH0qI6M=,/tI/vNyRy5toJuJNQvNPyj8mtV0=
-6,5,boj/0noTt6lny2+TnjjTvH0qI6M=,/tI/vNyRy5toJuJNQvNPyj8mtV0=
-2,2,boj/0noTt6lny2+TnjjTvH0qI6M=,/tI/vNyRy5toJuJNQvNPyj8mtV0=
-1,2,DfzIfjwc79H1/gpq178PKT6onoM=,/tI/vNyRy5toJuJNQvNPyj8mtV0=
-3,2,boj/0noTt6lny2+TnjjTvH0qI6M=,/tI/vNyRy5toJuJNQvNPyj8mtV0=
-8,3,DfzIfjwc79H1/gpq178PKT6onoM=,/tI/vNyRy5toJuJNQvNPyj8mtV0=
-7,5,DfzIfjwc79H1/gpq178PKT6onoM=,/tI/vNyRy5toJuJNQvNPyj8mtV0=
-8,5,DfzIfjwc79H1/gpq178PKT6onoM=,/tI/vNyRy5toJuJNQvNPyj8mtV0=
-4,2,boj/0noTt6lny2+TnjjTvH0qI6M=,/tI/vNyRy5toJuJNQvNPyj8mtV0=
-9,7,mBqHvEUUZlvIDzpXs0SrUr7NpvM=,evM5IVdn+Uc5fxWwv3mxr2fWOYE=
-6,2,boj/0noTt6lny2+TnjjTvH0qI6M=,/tI/vNyRy5toJuJNQvNPyj8mtV0=
-1,4,DfzIfjwc79H1/gpq178PKT6onoM=,/tI/vNyRy5toJuJNQvNPyj8mtV0=
-7,2,DfzIfjwc79H1/gpq178PKT6onoM=,/tI/vNyRy5toJuJNQvNPyj8mtV0=
-5,2,boj/0noTt6lny2+TnjjTvH0qI6M=,/tI/vNyRy5toJuJNQvNPyj8mtV0=
-9,3,mBqHvEUUZlvIDzpXs0SrUr7NpvM=,evM5IVdn+Uc5fxWwv3mxr2fWOYE=
-7,3,DfzIfjwc79H1/gpq178PKT6onoM=,/tI/vNyRy5toJuJNQvNPyj8mtV0=
-2,4,DfzIfjwc79H1/gpq178PKT6onoM=,/tI/vNyRy5toJuJNQvNPyj8mtV0=
-3,4,DfzIfjwc79H1/gpq178PKT6onoM=,/tI/vNyRy5toJuJNQvNPyj8mtV0=
-4,4,DfzIfjwc79H1/gpq178PKT6onoM=,/tI/vNyRy5toJuJNQvNPyj8mtV0=
-10,3,mBqHvEUUZlvIDzpXs0SrUr7NpvM=,evM5IVdn+Uc5fxWwv3mxr2fWOYE=
-8,2,DfzIfjwc79H1/gpq178PKT6onoM=,/tI/vNyRy5toJuJNQvNPyj8mtV0=
-5,4,DfzIfjwc79H1/gpq178PKT6onoM=,/tI/vNyRy5toJuJNQvNPyj8mtV0=
-1,1,DfzIfjwc79H1/gpq178PKT6onoM=,/tI/vNyRy5toJuJNQvNPyj8mtV0=
-10,7,mBqHvEUUZlvIDzpXs0SrUr7NpvM=,evM5IVdn+Uc5fxWwv3mxr2fWOYE=
-5,7,boj/0noTt6lny2+TnjjTvH0qI6M=,/tI/vNyRy5toJuJNQvNPyj8mtV0=
-6,4,DfzIfjwc79H1/gpq178PKT6onoM=,/tI/vNyRy5toJuJNQvNPyj8mtV0=
-9,10,6a/w1yDsvtm/BCxL2mqA2xNRyvI=,tCB7tcapZvjkhpwrdUAZrc/W0h8=
-10,10,6a/w1yDsvtm/BCxL2mqA2xNRyvI=,tCB7tcapZvjkhpwrdUAZrc/W0h8=
-11,7,mBqHvEUUZlvIDzpXs0SrUr7NpvM=,evM5IVdn+Uc5fxWwv3mxr2fWOYE=
-2,1,DfzIfjwc79H1/gpq178PKT6onoM=,/tI/vNyRy5toJuJNQvNPyj8mtV0=
-11,10,6a/w1yDsvtm/BCxL2mqA2xNRyvI=,tCB7tcapZvjkhpwrdUAZrc/W0h8=
-3,1,DfzIfjwc79H1/gpq178PKT6onoM=,/tI/vNyRy5toJuJNQvNPyj8mtV0=
-7,7,boj/0noTt6lny2+TnjjTvH0qI6M=,/tI/vNyRy5toJuJNQvNPyj8mtV0=
-4,1,DfzIfjwc79H1/gpq178PKT6onoM=,/tI/vNyRy5toJuJNQvNPyj8mtV0=
-6,7,boj/0noTt6lny2+TnjjTvH0qI6M=,/tI/vNyRy5toJuJNQvNPyj8mtV0=
-5,1,DfzIfjwc79H1/gpq178PKT6onoM=,/tI/vNyRy5toJuJNQvNPyj8mtV0=
-8,1,DfzIfjwc79H1/gpq178PKT6onoM=,/tI/vNyRy5toJuJNQvNPyj8mtV0=
-7,1,boj/0noTt6lny2+TnjjTvH0qI6M=,/tI/vNyRy5toJuJNQvNPyj8mtV0=
-7,4,DfzIfjwc79H1/gpq178PKT6onoM=,/tI/vNyRy5toJuJNQvNPyj8mtV0=
-1,0,DfzIfjwc79H1/gpq178PKT6onoM=,/tI/vNyRy5toJuJNQvNPyj8mtV0=
-8,7,boj/0noTt6lny2+TnjjTvH0qI6M=,/tI/vNyRy5toJuJNQvNPyj8mtV0=
-6,1,boj/0noTt6lny2+TnjjTvH0qI6M=,/tI/vNyRy5toJuJNQvNPyj8mtV0=
-8,4,DfzIfjwc79H1/gpq178PKT6onoM=,/tI/vNyRy5toJuJNQvNPyj8mtV0=
-2,7,boj/0noTt6lny2+TnjjTvH0qI6M=,/tI/vNyRy5toJuJNQvNPyj8mtV0=
-1,6,boj/0noTt6lny2+TnjjTvH0qI6M=,/tI/vNyRy5toJuJNQvNPyj8mtV0=
-2,0,DfzIfjwc79H1/gpq178PKT6onoM=,/tI/vNyRy5toJuJNQvNPyj8mtV0=
-9,4,mBqHvEUUZlvIDzpXs0SrUr7NpvM=,evM5IVdn+Uc5fxWwv3mxr2fWOYE=
-3,7,boj/0noTt6lny2+TnjjTvH0qI6M=,/tI/vNyRy5toJuJNQvNPyj8mtV0=
-3,0,boj/0noTt6lny2+TnjjTvH0qI6M=,/tI/vNyRy5toJuJNQvNPyj8mtV0=
-2,6,boj/0noTt6lny2+TnjjTvH0qI6M=,/tI/vNyRy5toJuJNQvNPyj8mtV0=
-3,6,boj/0noTt6lny2+TnjjTvH0qI6M=,/tI/vNyRy5toJuJNQvNPyj8mtV0=
-9,8,6a/w1yDsvtm/BCxL2mqA2xNRyvI=,tCB7tcapZvjkhpwrdUAZrc/W0h8=
-5,0,boj/0noTt6lny2+TnjjTvH0qI6M=,/tI/vNyRy5toJuJNQvNPyj8mtV0=
-4,0,boj/0noTt6lny2+TnjjTvH0qI6M=,/tI/vNyRy5toJuJNQvNPyj8mtV0=
-6,0,boj/0noTt6lny2+TnjjTvH0qI6M=,/tI/vNyRy5toJuJNQvNPyj8mtV0=
-10,8,6a/w1yDsvtm/BCxL2mqA2xNRyvI=,tCB7tcapZvjkhpwrdUAZrc/W0h8=
-9,0,mBqHvEUUZlvIDzpXs0SrUr7NpvM=,evM5IVdn+Uc5fxWwv3mxr2fWOYE=
-7,0,boj/0noTt6lny2+TnjjTvH0qI6M=,/tI/vNyRy5toJuJNQvNPyj8mtV0=
-1,10,2io2CV+Eq6GqtBSAOuLHgqerwNc=,RvIS+gjeghebNteB0pc74iftF1A=
-8,0,DfzIfjwc79H1/gpq178PKT6onoM=,/tI/vNyRy5toJuJNQvNPyj8mtV0=
-9,1,mBqHvEUUZlvIDzpXs0SrUr7NpvM=,evM5IVdn+Uc5fxWwv3mxr2fWOYE=
-2,10,2io2CV+Eq6GqtBSAOuLHgqerwNc=,RvIS+gjeghebNteB0pc74iftF1A=
-2,3,DfzIfjwc79H1/gpq178PKT6onoM=,/tI/vNyRy5toJuJNQvNPyj8mtV0=
-3,10,2io2CV+Eq6GqtBSAOuLHgqerwNc=,RvIS+gjeghebNteB0pc74iftF1A=
-1,3,DfzIfjwc79H1/gpq178PKT6onoM=,/tI/vNyRy5toJuJNQvNPyj8mtV0=
-10,1,mBqHvEUUZlvIDzpXs0SrUr7NpvM=,evM5IVdn+Uc5fxWwv3mxr2fWOYE=
-11,1,mBqHvEUUZlvIDzpXs0SrUr7NpvM=,evM5IVdn+Uc5fxWwv3mxr2fWOYE=
-4,10,2io2CV+Eq6GqtBSAOuLHgqerwNc=,RvIS+gjeghebNteB0pc74iftF1A=
-10,0,mBqHvEUUZlvIDzpXs0SrUr7NpvM=,evM5IVdn+Uc5fxWwv3mxr2fWOYE=
-4,6,boj/0noTt6lny2+TnjjTvH0qI6M=,/tI/vNyRy5toJuJNQvNPyj8mtV0=
-11,8,6a/w1yDsvtm/BCxL2mqA2xNRyvI=,tCB7tcapZvjkhpwrdUAZrc/W0h8=
-3,3,DfzIfjwc79H1/gpq178PKT6onoM=,/tI/vNyRy5toJuJNQvNPyj8mtV0=
-5,10,2io2CV+Eq6GqtBSAOuLHgqerwNc=,RvIS+gjeghebNteB0pc74iftF1A=
-11,3,mBqHvEUUZlvIDzpXs0SrUr7NpvM=,evM5IVdn+Uc5fxWwv3mxr2fWOYE=
-10,4,mBqHvEUUZlvIDzpXs0SrUr7NpvM=,evM5IVdn+Uc5fxWwv3mxr2fWOYE=
-11,0,mBqHvEUUZlvIDzpXs0SrUr7NpvM=,evM5IVdn+Uc5fxWwv3mxr2fWOYE=
-11,4,mBqHvEUUZlvIDzpXs0SrUr7NpvM=,evM5IVdn+Uc5fxWwv3mxr2fWOYE=
-9,6,mBqHvEUUZlvIDzpXs0SrUr7NpvM=,evM5IVdn+Uc5fxWwv3mxr2fWOYE=
-4,3,DfzIfjwc79H1/gpq178PKT6onoM=,/tI/vNyRy5toJuJNQvNPyj8mtV0=
-6,10,2io2CV+Eq6GqtBSAOuLHgqerwNc=,RvIS+gjeghebNteB0pc74iftF1A=
-7,10,2io2CV+Eq6GqtBSAOuLHgqerwNc=,RvIS+gjeghebNteB0pc74iftF1A=
-8,10,2io2CV+Eq6GqtBSAOuLHgqerwNc=,RvIS+gjeghebNteB0pc74iftF1A=
-1,9,2io2CV+Eq6GqtBSAOuLHgqerwNc=,RvIS+gjeghebNteB0pc74iftF1A=
-10,6,mBqHvEUUZlvIDzpXs0SrUr7NpvM=,evM5IVdn+Uc5fxWwv3mxr2fWOYE=
-2,9,2io2CV+Eq6GqtBSAOuLHgqerwNc=,RvIS+gjeghebNteB0pc74iftF1A=
-3,9,2io2CV+Eq6GqtBSAOuLHgqerwNc=,RvIS+gjeghebNteB0pc74iftF1A=
-4,9,2io2CV+Eq6GqtBSAOuLHgqerwNc=,RvIS+gjeghebNteB0pc74iftF1A=
-5,9,2io2CV+Eq6GqtBSAOuLHgqerwNc=,RvIS+gjeghebNteB0pc74iftF1A=
-11,6,mBqHvEUUZlvIDzpXs0SrUr7NpvM=,evM5IVdn+Uc5fxWwv3mxr2fWOYE=
-5,6,boj/0noTt6lny2+TnjjTvH0qI6M=,/tI/vNyRy5toJuJNQvNPyj8mtV0=
-6,9,2io2CV+Eq6GqtBSAOuLHgqerwNc=,RvIS+gjeghebNteB0pc74iftF1A=
-9,5,mBqHvEUUZlvIDzpXs0SrUr7NpvM=,evM5IVdn+Uc5fxWwv3mxr2fWOYE=
-10,5,mBqHvEUUZlvIDzpXs0SrUr7NpvM=,evM5IVdn+Uc5fxWwv3mxr2fWOYE=
-7,6,DfzIfjwc79H1/gpq178PKT6onoM=,/tI/vNyRy5toJuJNQvNPyj8mtV0=
-7,9,2io2CV+Eq6GqtBSAOuLHgqerwNc=,RvIS+gjeghebNteB0pc74iftF1A=
-8,9,2io2CV+Eq6GqtBSAOuLHgqerwNc=,RvIS+gjeghebNteB0pc74iftF1A=
-1,8,2io2CV+Eq6GqtBSAOuLHgqerwNc=,RvIS+gjeghebNteB0pc74iftF1A=
-2,8,2io2CV+Eq6GqtBSAOuLHgqerwNc=,RvIS+gjeghebNteB0pc74iftF1A=
-3,8,2io2CV+Eq6GqtBSAOuLHgqerwNc=,RvIS+gjeghebNteB0pc74iftF1A=
-4,8,2io2CV+Eq6GqtBSAOuLHgqerwNc=,RvIS+gjeghebNteB0pc74iftF1A=
-11,5,mBqHvEUUZlvIDzpXs0SrUr7NpvM=,evM5IVdn+Uc5fxWwv3mxr2fWOYE=
-5,8,2io2CV+Eq6GqtBSAOuLHgqerwNc=,RvIS+gjeghebNteB0pc74iftF1A=
-6,8,2io2CV+Eq6GqtBSAOuLHgqerwNc=,RvIS+gjeghebNteB0pc74iftF1A=
-7,8,2io2CV+Eq6GqtBSAOuLHgqerwNc=,RvIS+gjeghebNteB0pc74iftF1A=
-9,9,6a/w1yDsvtm/BCxL2mqA2xNRyvI=,tCB7tcapZvjkhpwrdUAZrc/W0h8=
-10,9,6a/w1yDsvtm/BCxL2mqA2xNRyvI=,tCB7tcapZvjkhpwrdUAZrc/W0h8=
-4,7,boj/0noTt6lny2+TnjjTvH0qI6M=,/tI/vNyRy5toJuJNQvNPyj8mtV0=
-8,8,2io2CV+Eq6GqtBSAOuLHgqerwNc=,RvIS+gjeghebNteB0pc74iftF1A=
-8,6,DfzIfjwc79H1/gpq178PKT6onoM=,/tI/vNyRy5toJuJNQvNPyj8mtV0=
-6,6,DfzIfjwc79H1/gpq178PKT6onoM=,/tI/vNyRy5toJuJNQvNPyj8mtV0=
-9,2,mBqHvEUUZlvIDzpXs0SrUr7NpvM=,evM5IVdn+Uc5fxWwv3mxr2fWOYE=
-11,9,6a/w1yDsvtm/BCxL2mqA2xNRyvI=,tCB7tcapZvjkhpwrdUAZrc/W0h8=
-10,2,mBqHvEUUZlvIDzpXs0SrUr7NpvM=,evM5IVdn+Uc5fxWwv3mxr2fWOYE=
-11,2,mBqHvEUUZlvIDzpXs0SrUr7NpvM=,evM5IVdn+Uc5fxWwv3mxr2fWOYE=
-3,5,DfzIfjwc79H1/gpq178PKT6onoM=,/tI/vNyRy5toJuJNQvNPyj8mtV0=
-2,5,DfzIfjwc79H1/gpq178PKT6onoM=,/tI/vNyRy5toJuJNQvNPyj8mtV0=
-1,5,DfzIfjwc79H1/gpq178PKT6onoM=,/tI/vNyRy5toJuJNQvNPyj8mtV0=
