3,12,dMu+5jaw/7qnH+KtFUS0cSV+pBo=,CAW/gCrDbv70Zy0lrKchpxDtJJU=
3,11,EqVwheq23M43PDQcPEGrrc6RRko=,CAW/gCrDbv70Zy0lrKchpxDtJJU=
4,12,dMu+5jaw/7qnH+KtFUS0cSV+pBo=,CAW/gCrDbv70Zy0lrKchpxDtJJU=
4,11,EqVwheq23M43PDQcPEGrrc6RRko=,CAW/gCrDbv70Zy0lrKchpxDtJJU=
11,3,Yr/vNXCO2+BwLFiESgfiAw34Qrk=,4+kLzB/ldokiCT8J6KFIEkzh82Q=
15,3,Yr/vNXCO2+BwLFiESgfiAw34Qrk=,4+kLzB/ldokiCT8J6KFIEkzh82Q=
14,3,Yr/vNXCO2+BwLFiESgfiAw34Qrk=,4+kLzB/ldokiCT8J6KFIEkzh82Q=
13,3,Yr/vNXCO2+BwLFiESgfiAw34Qrk=,4+kLzB/ldokiCT8J6KFIEkzh82Q=
11,4,Yr/vNXCO2+BwLFiESgfiAw34Qrk=,4+kLzB/ldokiCT8J6KFIEkzh82Q=
12,4,Yr/vNXCO2+BwLFiESgfiAw34Qrk=,4+kLzB/ldokiCT8J6KFIEkzh82Q=
13,4,Yr/vNXCO2+BwLFiESgfiAw34Qrk=,4+kLzB/ldokiCT8J6KFIEkzh82Q=
14,4,Yr/vNXCO2+BwLFiESgfiAw34Qrk=,4+kLzB/ldokiCT8J6KFIEkzh82Q=
15,4,Yr/vNXCO2+BwLFiESgfiAw34Qrk=,4+kLzB/ldokiCT8J6KFIEkzh82Q=
12,3,Yr/vNXCO2+BwLFiESgfiAw34Qrk=,4+kLzB/ldokiCT8J6KFIEkzh82Q=
3,14,dMu+5jaw/7qnH+KtFUS0cSV+pBo=,CAW/gCrDbv70Zy0lrKchpxDtJJU=
4,14,dMu+5jaw/7qnH+KtFUS0cSV+pBo=,CAW/gCrDbv70Zy0lrKchpxDtJJU=
3,15,dMu+5jaw/7qnH+KtFUS0cSV+pBo=,CAW/gCrDbv70Zy0lrKchpxDtJJU=
4,15,dMu+5jaw/7qnH+KtFUS0cSV+pBo=,CAW/gCrDbv70Zy0lrKchpxDtJJU=
3,13,dMu+5jaw/7qnH+KtFUS0cSV+pBo=,CAW/gCrDbv70Zy0lrKchpxDtJJU=
4,13,dMu+5jaw/7qnH+KtFUS0cSV+pBo=,CAW/gCrDbv70Zy0lrKchpxDtJJU=
11,0,Yr/vNXCO2+BwLFiESgfiAw34Qrk=,4+kLzB/ldokiCT8J6KFIEkzh82Q=
11,2,Yr/vNXCO2+BwLFiESgfiAw34Qrk=,4+kLzB/ldokiCT8J6KFIEkzh82Q=
12,0,Yr/vNXCO2+BwLFiESgfiAw34Qrk=,4+kLzB/ldokiCT8J6KFIEkzh82Q=
12,2,Yr/vNXCO2+BwLFiESgfiAw34Qrk=,4+kLzB/ldokiCT8J6KFIEkzh82Q=
12,1,Yr/vNXCO2+BwLFiESgfiAw34Qrk=,4+kLzB/ldokiCT8J6KFIEkzh82Q=
11,1,Yr/vNXCO2+BwLFiESgfiAw34Qrk=,4+kLzB/ldokiCT8J6KFIEkzh82Q=
0,11,dMu+5jaw/7qnH+KtFUS0cSV+pBo=,CAW/gCrDbv70Zy0lrKchpxDtJJU=
1,11,EqVwheq23M43PDQcPEGrrc6RRko=,CAW/gCrDbv70Zy0lrKchpxDtJJU=
0,12,dMu+5jaw/7qnH+KtFUS0cSV+pBo=,CAW/gCrDbv70Zy0lrKchpxDtJJU=
1,12,dMu+5jaw/7qnH+KtFUS0cSV+pBo=,CAW/gCrDbv70Zy0lrKchpxDtJJU=
2,12,dMu+5jaw/7qnH+KtFUS0cSV+pBo=,CAW/gCrDbv70Zy0lrKchpxDtJJU=
2,11,EqVwheq23M43PDQcPEGrrc6RRko=,CAW/gCrDbv70Zy0lrKchpxDtJJU=
0,14,EqVwheq23M43PDQcPEGrrc6RRko=,CAW/gCrDbv70Zy0lrKchpxDtJJU=
1,14,EqVwheq23M43PDQcPEGrrc6RRko=,CAW/gCrDbv70Zy0lrKchpxDtJJU=
2,14,EqVwheq23M43PDQcPEGrrc6RRko=,CAW/gCrDbv70Zy0lrKchpxDtJJU=
0,15,EqVwheq23M43PDQcPEGrrc6RRko=,CAW/gCrDbv70Zy0lrKchpxDtJJU=
1,15,EqVwheq23M43PDQcPEGrrc6RRko=,CAW/gCrDbv70Zy0lrKchpxDtJJU=
2,15,EqVwheq23M43PDQcPEGrrc6RRko=,CAW/gCrDbv70Zy0lrKchpxDtJJU=
0,13,EqVwheq23M43PDQcPEGrrc6RRko=,CAW/gCrDbv70Zy0lrKchpxDtJJU=
1,13,EqVwheq23M43PDQcPEGrrc6RRko=,CAW/gCrDbv70Zy0lrKchpxDtJJU=
2,13,EqVwheq23M43PDQcPEGrrc6RRko=,CAW/gCrDbv70Zy0lrKchpxDtJJU=
13,0,Yr/vNXCO2+BwLFiESgfiAw34Qrk=,4+kLzB/ldokiCT8J6KFIEkzh82Q=
14,0,Yr/vNXCO2+BwLFiESgfiAw34Qrk=,4+kLzB/ldokiCT8J6KFIEkzh82Q=
15,0,Yr/vNXCO2+BwLFiESgfiAw34Qrk=,4+kLzB/ldokiCT8J6KFIEkzh82Q=
13,2,Yr/vNXCO2+BwLFiESgfiAw34Qrk=,4+kLzB/ldokiCT8J6KFIEkzh82Q=
14,2,Yr/vNXCO2+BwLFiESgfiAw34Qrk=,4+kLzB/ldokiCT8J6KFIEkzh82Q=
15,2,Yr/vNXCO2+BwLFiESgfiAw34Qrk=,4+kLzB/ldokiCT8J6KFIEkzh82Q=
13,1,Yr/vNXCO2+BwLFiESgfiAw34Qrk=,4+kLzB/ldokiCT8J6KFIEkzh82Q=
14,1,Yr/vNXCO2+BwLFiESgfiAw34Qrk=,4+kLzB/ldokiCT8J6KFIEkzh82Q=
15,1,Yr/vNXCO2+BwLFiESgfiAw34Qrk=,4+kLzB/ldokiCT8J6KFIEkzh82Q=
8,12,z9sry3hZIhmyJq9Zv9g4yHSaBJk=,5vO+KnPMif3jbcMPBwV1wUtzHyI=
9,12,z9sry3hZIhmyJq9Zv9g4yHSaBJk=,5vO+KnPMif3jbcMPBwV1wUtzHyI=
10,12,z9sry3hZIhmyJq9Zv9g4yHSaBJk=,5vO+KnPMif3jbcMPBwV1wUtzHyI=
11,12,z9sry3hZIhmyJq9Zv9g4yHSaBJk=,5vO+KnPMif3jbcMPBwV1wUtzHyI=
12,12,z9sry3hZIhmyJq9Zv9g4yHSaBJk=,5vO+KnPMif3jbcMPBwV1wUtzHyI=
13,12,z9sry3hZIhmyJq9Zv9g4yHSaBJk=,5vO+KnPMif3jbcMPBwV1wUtzHyI=
14,12,z9sry3hZIhmyJq9Zv9g4yHSaBJk=,5vO+KnPMif3jbcMPBwV1wUtzHyI=
15,12,z9sry3hZIhmyJq9Zv9g4yHSaBJk=,5vO+KnPMif3jbcMPBwV1wUtzHyI=
8,14,5msoMeolhlz5cIo8O0AUYVuiWz8=,5vO+KnPMif3jbcMPBwV1wUtzHyI=
9,14,5msoMeolhlz5cIo8O0AUYVuiWz8=,5vO+KnPMif3jbcMPBwV1wUtzHyI=
10,14,5msoMeolhlz5cIo8O0AUYVuiWz8=,5vO+KnPMif3jbcMPBwV1wUtzHyI=
11,14,WQtH/goadpgSllPtanIdGnCawl8=,5vO+KnPMif3jbcMPBwV1wUtzHyI=
12,14,WQtH/goadpgSllPtanIdGnCawl8=,5vO+KnPMif3jbcMPBwV1wUtzHyI=
13,14,5msoMeolhlz5cIo8O0AUYVuiWz8=,5vO+KnPMif3jbcMPBwV1wUtzHyI=
14,14,5msoMeolhlz5cIo8O0AUYVuiWz8=,5vO+KnPMif3jbcMPBwV1wUtzHyI=
15,14,5msoMeolhlz5cIo8O0AUYVuiWz8=,5vO+KnPMif3jbcMPBwV1wUtzHyI=
5,14,EqVwheq23M43PDQcPEGrrc6RRko=,CAW/gCrDbv70Zy0lrKchpxDtJJU=
6,14,EqVwheq23M43PDQcPEGrrc6RRko=,CAW/gCrDbv70Zy0lrKchpxDtJJU=
7,14,EqVwheq23M43PDQcPEGrrc6RRko=,CAW/gCrDbv70Zy0lrKchpxDtJJU=
8,13,5msoMeolhlz5cIo8O0AUYVuiWz8=,5vO+KnPMif3jbcMPBwV1wUtzHyI=
9,13,5msoMeolhlz5cIo8O0AUYVuiWz8=,5vO+KnPMif3jbcMPBwV1wUtzHyI=
11,10,5msoMeolhlz5cIo8O0AUYVuiWz8=,5vO+KnPMif3jbcMPBwV1wUtzHyI=
15,7,Yr/vNXCO2+BwLFiESgfiAw34Qrk=,4+kLzB/ldokiCT8J6KFIEkzh82Q=
10,13,5msoMeolhlz5cIo8O0AUYVuiWz8=,5vO+KnPMif3jbcMPBwV1wUtzHyI=
11,13,WQtH/goadpgSllPtanIdGnCawl8=,5vO+KnPMif3jbcMPBwV1wUtzHyI=
8,15,5msoMeolhlz5cIo8O0AUYVuiWz8=,5vO+KnPMif3jbcMPBwV1wUtzHyI=
9,15,5msoMeolhlz5cIo8O0AUYVuiWz8=,5vO+KnPMif3jbcMPBwV1wUtzHyI=
10,15,5msoMeolhlz5cIo8O0AUYVuiWz8=,5vO+KnPMif3jbcMPBwV1wUtzHyI=
11,15,WQtH/goadpgSllPtanIdGnCawl8=,5vO+KnPMif3jbcMPBwV1wUtzHyI=
12,10,5msoMeolhlz5cIo8O0AUYVuiWz8=,5vO+KnPMif3jbcMPBwV1wUtzHyI=
13,10,5msoMeolhlz5cIo8O0AUYVuiWz8=,5vO+KnPMif3jbcMPBwV1wUtzHyI=
12,13,WQtH/goadpgSllPtanIdGnCawl8=,5vO+KnPMif3jbcMPBwV1wUtzHyI=
13,13,5msoMeolhlz5cIo8O0AUYVuiWz8=,5vO+KnPMif3jbcMPBwV1wUtzHyI=
14,10,5msoMeolhlz5cIo8O0AUYVuiWz8=,5vO+KnPMif3jbcMPBwV1wUtzHyI=
15,10,5msoMeolhlz5cIo8O0AUYVuiWz8=,5vO+KnPMif3jbcMPBwV1wUtzHyI=
14,13,5msoMeolhlz5cIo8O0AUYVuiWz8=,5vO+KnPMif3jbcMPBwV1wUtzHyI=
15,13,5msoMeolhlz5cIo8O0AUYVuiWz8=,5vO+KnPMif3jbcMPBwV1wUtzHyI=
12,15,WQtH/goadpgSllPtanIdGnCawl8=,5vO+KnPMif3jbcMPBwV1wUtzHyI=
13,15,5msoMeolhlz5cIo8O0AUYVuiWz8=,5vO+KnPMif3jbcMPBwV1wUtzHyI=
14,15,5msoMeolhlz5cIo8O0AUYVuiWz8=,5vO+KnPMif3jbcMPBwV1wUtzHyI=
15,15,5msoMeolhlz5cIo8O0AUYVuiWz8=,5vO+KnPMif3jbcMPBwV1wUtzHyI=
5,15,EqVwheq23M43PDQcPEGrrc6RRko=,CAW/gCrDbv70Zy0lrKchpxDtJJU=
6,15,EqVwheq23M43PDQcPEGrrc6RRko=,CAW/gCrDbv70Zy0lrKchpxDtJJU=
7,15,EqVwheq23M43PDQcPEGrrc6RRko=,CAW/gCrDbv70Zy0lrKchpxDtJJU=
8,11,z9sry3hZIhmyJq9Zv9g4yHSaBJk=,5vO+KnPMif3jbcMPBwV1wUtzHyI=
9,11,z9sry3hZIhmyJq9Zv9g4yHSaBJk=,5vO+KnPMif3jbcMPBwV1wUtzHyI=
11,8,5msoMeolhlz5cIo8O0AUYVuiWz8=,5vO+KnPMif3jbcMPBwV1wUtzHyI=
12,8,5msoMeolhlz5cIo8O0AUYVuiWz8=,5vO+KnPMif3jbcMPBwV1wUtzHyI=
13,8,5msoMeolhlz5cIo8O0AUYVuiWz8=,5vO+KnPMif3jbcMPBwV1wUtzHyI=
11,6,Yr/vNXCO2+BwLFiESgfiAw34Qrk=,4+kLzB/ldokiCT8J6KFIEkzh82Q=
12,6,Yr/vNXCO2+BwLFiESgfiAw34Qrk=,4+kLzB/ldokiCT8J6KFIEkzh82Q=
13,6,Yr/vNXCO2+BwLFiESgfiAw34Qrk=,4+kLzB/ldokiCT8J6KFIEkzh82Q=
14,8,5msoMeolhlz5cIo8O0AUYVuiWz8=,5vO+KnPMif3jbcMPBwV1wUtzHyI=
15,8,5msoMeolhlz5cIo8O0AUYVuiWz8=,5vO+KnPMif3jbcMPBwV1wUtzHyI=
5,12,dMu+5jaw/7qnH+KtFUS0cSV+pBo=,CAW/gCrDbv70Zy0lrKchpxDtJJU=
14,6,Yr/vNXCO2+BwLFiESgfiAw34Qrk=,4+kLzB/ldokiCT8J6KFIEkzh82Q=
15,6,Yr/vNXCO2+BwLFiESgfiAw34Qrk=,4+kLzB/ldokiCT8J6KFIEkzh82Q=
10,11,z9sry3hZIhmyJq9Zv9g4yHSaBJk=,5vO+KnPMif3jbcMPBwV1wUtzHyI=
11,11,z9sry3hZIhmyJq9Zv9g4yHSaBJk=,5vO+KnPMif3jbcMPBwV1wUtzHyI=
6,12,dMu+5jaw/7qnH+KtFUS0cSV+pBo=,CAW/gCrDbv70Zy0lrKchpxDtJJU=
7,12,dMu+5jaw/7qnH+KtFUS0cSV+pBo=,CAW/gCrDbv70Zy0lrKchpxDtJJU=
5,13,EqVwheq23M43PDQcPEGrrc6RRko=,CAW/gCrDbv70Zy0lrKchpxDtJJU=
11,7,Yr/vNXCO2+BwLFiESgfiAw34Qrk=,4+kLzB/ldokiCT8J6KFIEkzh82Q=
5,11,EqVwheq23M43PDQcPEGrrc6RRko=,CAW/gCrDbv70Zy0lrKchpxDtJJU=
12,11,z9sry3hZIhmyJq9Zv9g4yHSaBJk=,5vO+KnPMif3jbcMPBwV1wUtzHyI=
13,11,z9sry3hZIhmyJq9Zv9g4yHSaBJk=,5vO+KnPMif3jbcMPBwV1wUtzHyI=
12,7,Yr/vNXCO2+BwLFiESgfiAw34Qrk=,4+kLzB/ldokiCT8J6KFIEkzh82Q=
13,7,Yr/vNXCO2+BwLFiESgfiAw34Qrk=,4+kLzB/ldokiCT8J6KFIEkzh82Q=
11,9,5msoMeolhlz5cIo8O0AUYVuiWz8=,5vO+KnPMif3jbcMPBwV1wUtzHyI=
12,9,5msoMeolhlz5cIo8O0AUYVuiWz8=,5vO+KnPMif3jbcMPBwV1wUtzHyI=
13,9,5msoMeolhlz5cIo8O0AUYVuiWz8=,5vO+KnPMif3jbcMPBwV1wUtzHyI=
6,11,EqVwheq23M43PDQcPEGrrc6RRko=,CAW/gCrDbv70Zy0lrKchpxDtJJU=
7,11,dMu+5jaw/7qnH+KtFUS0cSV+pBo=,CAW/gCrDbv70Zy0lrKchpxDtJJU=
14,11,z9sry3hZIhmyJq9Zv9g4yHSaBJk=,5vO+KnPMif3jbcMPBwV1wUtzHyI=
15,11,z9sry3hZIhmyJq9Zv9g4yHSaBJk=,5vO+KnPMif3jbcMPBwV1wUtzHyI=
11,5,Yr/vNXCO2+BwLFiESgfiAw34Qrk=,4+kLzB/ldokiCT8J6KFIEkzh82Q=
12,5,Yr/vNXCO2+BwLFiESgfiAw34Qrk=,4+kLzB/ldokiCT8J6KFIEkzh82Q=
13,5,Yr/vNXCO2+BwLFiESgfiAw34Qrk=,4+kLzB/ldokiCT8J6KFIEkzh82Q=
14,9,5msoMeolhlz5cIo8O0AUYVuiWz8=,5vO+KnPMif3jbcMPBwV1wUtzHyI=
15,9,5msoMeolhlz5cIo8O0AUYVuiWz8=,5vO+KnPMif3jbcMPBwV1wUtzHyI=
6,13,EqVwheq23M43PDQcPEGrrc6RRko=,CAW/gCrDbv70Zy0lrKchpxDtJJU=
7,13,EqVwheq23M43PDQcPEGrrc6RRko=,CAW/gCrDbv70Zy0lrKchpxDtJJU=
14,5,Yr/vNXCO2+BwLFiESgfiAw34Qrk=,4+kLzB/ldokiCT8J6KFIEkzh82Q=
15,5,Yr/vNXCO2+BwLFiESgfiAw34Qrk=,4+kLzB/ldokiCT8J6KFIEkzh82Q=
14,7,Yr/vNXCO2+BwLFiESgfiAw34Qrk=,4+kLzB/ldokiCT8J6KFIEkzh82Q=
10,5,BvtXjpAPAJph1qAGqvrSHupwG9Q=,4+kLzB/ldokiCT8J6KFIEkzh82Q=
4,8,w0RhffyeHsGLQIf4KiuJSf7scgo=,CAW/gCrDbv70Zy0lrKchpxDtJJU=
2,3,BvtXjpAPAJph1qAGqvrSHupwG9Q=,xD1DB51IIDYNeRxI+gTITICFYWk=
3,3,BvtXjpAPAJph1qAGqvrSHupwG9Q=,xD1DB51IIDYNeRxI+gTITICFYWk=
2,8,w0RhffyeHsGLQIf4KiuJSf7scgo=,CAW/gCrDbv70Zy0lrKchpxDtJJU=
3,8,w0RhffyeHsGLQIf4KiuJSf7scgo=,CAW/gCrDbv70Zy0lrKchpxDtJJU=
5,8,w0RhffyeHsGLQIf4KiuJSf7scgo=,CAW/gCrDbv70Zy0lrKchpxDtJJU=
4,6,BvtXjpAPAJph1qAGqvrSHupwG9Q=,xD1DB51IIDYNeRxI+gTITICFYWk=
7,1,BvtXjpAPAJph1qAGqvrSHupwG9Q=,xD1DB51IIDYNeRxI+gTITICFYWk=
5,6,BvtXjpAPAJph1qAGqvrSHupwG9Q=,xD1DB51IIDYNeRxI+gTITICFYWk=
0,10,w0RhffyeHsGLQIf4KiuJSf7scgo=,CAW/gCrDbv70Zy0lrKchpxDtJJU=
1,10,w0RhffyeHsGLQIf4KiuJSf7scgo=,CAW/gCrDbv70Zy0lrKchpxDtJJU=
4,7,BvtXjpAPAJph1qAGqvrSHupwG9Q=,xD1DB51IIDYNeRxI+gTITICFYWk=
6,1,BvtXjpAPAJph1qAGqvrSHupwG9Q=,xD1DB51IIDYNeRxI+gTITICFYWk=
3,1,BvtXjpAPAJph1qAGqvrSHupwG9Q=,xD1DB51IIDYNeRxI+gTITICFYWk=
2,1,BvtXjpAPAJph1qAGqvrSHupwG9Q=,xD1DB51IIDYNeRxI+gTITICFYWk=
3,4,BvtXjpAPAJph1qAGqvrSHupwG9Q=,xD1DB51IIDYNeRxI+gTITICFYWk=
5,7,BvtXjpAPAJph1qAGqvrSHupwG9Q=,xD1DB51IIDYNeRxI+gTITICFYWk=
1,1,BvtXjpAPAJph1qAGqvrSHupwG9Q=,xD1DB51IIDYNeRxI+gTITICFYWk=
4,4,BvtXjpAPAJph1qAGqvrSHupwG9Q=,xD1DB51IIDYNeRxI+gTITICFYWk=
2,4,BvtXjpAPAJph1qAGqvrSHupwG9Q=,xD1DB51IIDYNeRxI+gTITICFYWk=
3,0,BvtXjpAPAJph1qAGqvrSHupwG9Q=,xD1DB51IIDYNeRxI+gTITICFYWk=
0,1,BvtXjpAPAJph1qAGqvrSHupwG9Q=,xD1DB51IIDYNeRxI+gTITICFYWk=
7,0,BvtXjpAPAJph1qAGqvrSHupwG9Q=,xD1DB51IIDYNeRxI+gTITICFYWk=
2,0,BvtXjpAPAJph1qAGqvrSHupwG9Q=,xD1DB51IIDYNeRxI+gTITICFYWk=
5,4,BvtXjpAPAJph1qAGqvrSHupwG9Q=,xD1DB51IIDYNeRxI+gTITICFYWk=
6,0,BvtXjpAPAJph1qAGqvrSHupwG9Q=,xD1DB51IIDYNeRxI+gTITICFYWk=
0,2,BvtXjpAPAJph1qAGqvrSHupwG9Q=,xD1DB51IIDYNeRxI+gTITICFYWk=
1,4,BvtXjpAPAJph1qAGqvrSHupwG9Q=,xD1DB51IIDYNeRxI+gTITICFYWk=
10,9,NaSBZfzbzOCi1lGFxtpdSoaVX+A=,5vO+KnPMif3jbcMPBwV1wUtzHyI=
0,4,BvtXjpAPAJph1qAGqvrSHupwG9Q=,xD1DB51IIDYNeRxI+gTITICFYWk=
1,0,BvtXjpAPAJph1qAGqvrSHupwG9Q=,xD1DB51IIDYNeRxI+gTITICFYWk=
9,5,BvtXjpAPAJph1qAGqvrSHupwG9Q=,4+kLzB/ldokiCT8J6KFIEkzh82Q=
1,2,BvtXjpAPAJph1qAGqvrSHupwG9Q=,xD1DB51IIDYNeRxI+gTITICFYWk=
8,5,BvtXjpAPAJph1qAGqvrSHupwG9Q=,4+kLzB/ldokiCT8J6KFIEkzh82Q=
6,6,BvtXjpAPAJph1qAGqvrSHupwG9Q=,xD1DB51IIDYNeRxI+gTITICFYWk=
0,0,BvtXjpAPAJph1qAGqvrSHupwG9Q=,xD1DB51IIDYNeRxI+gTITICFYWk=
10,7,BvtXjpAPAJph1qAGqvrSHupwG9Q=,4+kLzB/ldokiCT8J6KFIEkzh82Q=
1,3,BvtXjpAPAJph1qAGqvrSHupwG9Q=,xD1DB51IIDYNeRxI+gTITICFYWk=
0,3,BvtXjpAPAJph1qAGqvrSHupwG9Q=,xD1DB51IIDYNeRxI+gTITICFYWk=
5,1,BvtXjpAPAJph1qAGqvrSHupwG9Q=,xD1DB51IIDYNeRxI+gTITICFYWk=
7,6,BvtXjpAPAJph1qAGqvrSHupwG9Q=,xD1DB51IIDYNeRxI+gTITICFYWk=
4,1,BvtXjpAPAJph1qAGqvrSHupwG9Q=,xD1DB51IIDYNeRxI+gTITICFYWk=
6,4,BvtXjpAPAJph1qAGqvrSHupwG9Q=,xD1DB51IIDYNeRxI+gTITICFYWk=
7,4,BvtXjpAPAJph1qAGqvrSHupwG9Q=,xD1DB51IIDYNeRxI+gTITICFYWk=
8,7,BvtXjpAPAJph1qAGqvrSHupwG9Q=,4+kLzB/ldokiCT8J6KFIEkzh82Q=
4,5,BvtXjpAPAJph1qAGqvrSHupwG9Q=,xD1DB51IIDYNeRxI+gTITICFYWk=
9,7,BvtXjpAPAJph1qAGqvrSHupwG9Q=,4+kLzB/ldokiCT8J6KFIEkzh82Q=
7,3,BvtXjpAPAJph1qAGqvrSHupwG9Q=,xD1DB51IIDYNeRxI+gTITICFYWk=
1,8,w0RhffyeHsGLQIf4KiuJSf7scgo=,CAW/gCrDbv70Zy0lrKchpxDtJJU=
5,5,BvtXjpAPAJph1qAGqvrSHupwG9Q=,xD1DB51IIDYNeRxI+gTITICFYWk=
6,3,BvtXjpAPAJph1qAGqvrSHupwG9Q=,xD1DB51IIDYNeRxI+gTITICFYWk=
0,8,w0RhffyeHsGLQIf4KiuJSf7scgo=,CAW/gCrDbv70Zy0lrKchpxDtJJU=
9,9,NaSBZfzbzOCi1lGFxtpdSoaVX+A=,5vO+KnPMif3jbcMPBwV1wUtzHyI=
4,2,BvtXjpAPAJph1qAGqvrSHupwG9Q=,xD1DB51IIDYNeRxI+gTITICFYWk=
8,9,NaSBZfzbzOCi1lGFxtpdSoaVX+A=,5vO+KnPMif3jbcMPBwV1wUtzHyI=
7,9,w0RhffyeHsGLQIf4KiuJSf7scgo=,CAW/gCrDbv70Zy0lrKchpxDtJJU=
10,4,BvtXjpAPAJph1qAGqvrSHupwG9Q=,4+kLzB/ldokiCT8J6KFIEkzh82Q=
10,6,BvtXjpAPAJph1qAGqvrSHupwG9Q=,4+kLzB/ldokiCT8J6KFIEkzh82Q=
10,3,BvtXjpAPAJph1qAGqvrSHupwG9Q=,4+kLzB/ldokiCT8J6KFIEkzh82Q=
10,1,BvtXjpAPAJph1qAGqvrSHupwG9Q=,4+kLzB/ldokiCT8J6KFIEkzh82Q=
6,9,w0RhffyeHsGLQIf4KiuJSf7scgo=,CAW/gCrDbv70Zy0lrKchpxDtJJU=
5,2,BvtXjpAPAJph1qAGqvrSHupwG9Q=,xD1DB51IIDYNeRxI+gTITICFYWk=
5,0,BvtXjpAPAJph1qAGqvrSHupwG9Q=,xD1DB51IIDYNeRxI+gTITICFYWk=
10,8,NaSBZfzbzOCi1lGFxtpdSoaVX+A=,5vO+KnPMif3jbcMPBwV1wUtzHyI=
6,8,w0RhffyeHsGLQIf4KiuJSf7scgo=,CAW/gCrDbv70Zy0lrKchpxDtJJU=
4,0,BvtXjpAPAJph1qAGqvrSHupwG9Q=,xD1DB51IIDYNeRxI+gTITICFYWk=
7,8,w0RhffyeHsGLQIf4KiuJSf7scgo=,CAW/gCrDbv70Zy0lrKchpxDtJJU=
6,5,BvtXjpAPAJph1qAGqvrSHupwG9Q=,xD1DB51IIDYNeRxI+gTITICFYWk=
7,5,BvtXjpAPAJph1qAGqvrSHupwG9Q=,xD1DB51IIDYNeRxI+gTITICFYWk=
8,8,NaSBZfzbzOCi1lGFxtpdSoaVX+A=,5vO+KnPMif3jbcMPBwV1wUtzHyI=
9,4,BvtXjpAPAJph1qAGqvrSHupwG9Q=,4+kLzB/ldokiCT8J6KFIEkzh82Q=
2,2,BvtXjpAPAJph1qAGqvrSHupwG9Q=,xD1DB51IIDYNeRxI+gTITICFYWk=
8,4,BvtXjpAPAJph1qAGqvrSHupwG9Q=,4+kLzB/ldokiCT8J6KFIEkzh82Q=
9,8,NaSBZfzbzOCi1lGFxtpdSoaVX+A=,5vO+KnPMif3jbcMPBwV1wUtzHyI=
9,6,BvtXjpAPAJph1qAGqvrSHupwG9Q=,4+kLzB/ldokiCT8J6KFIEkzh82Q=
3,2,BvtXjpAPAJph1qAGqvrSHupwG9Q=,xD1DB51IIDYNeRxI+gTITICFYWk=
9,3,BvtXjpAPAJph1qAGqvrSHupwG9Q=,4+kLzB/ldokiCT8J6KFIEkzh82Q=
8,6,BvtXjpAPAJph1qAGqvrSHupwG9Q=,4+kLzB/ldokiCT8J6KFIEkzh82Q=
9,1,BvtXjpAPAJph1qAGqvrSHupwG9Q=,4+kLzB/ldokiCT8J6KFIEkzh82Q=
8,3,BvtXjpAPAJph1qAGqvrSHupwG9Q=,4+kLzB/ldokiCT8J6KFIEkzh82Q=
0,5,BvtXjpAPAJph1qAGqvrSHupwG9Q=,xD1DB51IIDYNeRxI+gTITICFYWk=
8,1,BvtXjpAPAJph1qAGqvrSHupwG9Q=,4+kLzB/ldokiCT8J6KFIEkzh82Q=
7,7,BvtXjpAPAJph1qAGqvrSHupwG9Q=,xD1DB51IIDYNeRxI+gTITICFYWk=
6,7,BvtXjpAPAJph1qAGqvrSHupwG9Q=,xD1DB51IIDYNeRxI+gTITICFYWk=
5,3,BvtXjpAPAJph1qAGqvrSHupwG9Q=,xD1DB51IIDYNeRxI+gTITICFYWk=
3,7,BvtXjpAPAJph1qAGqvrSHupwG9Q=,xD1DB51IIDYNeRxI+gTITICFYWk=
2,7,BvtXjpAPAJph1qAGqvrSHupwG9Q=,xD1DB51IIDYNeRxI+gTITICFYWk=
4,3,BvtXjpAPAJph1qAGqvrSHupwG9Q=,xD1DB51IIDYNeRxI+gTITICFYWk=
1,5,BvtXjpAPAJph1qAGqvrSHupwG9Q=,xD1DB51IIDYNeRxI+gTITICFYWk=
7,10,w0RhffyeHsGLQIf4KiuJSf7scgo=,CAW/gCrDbv70Zy0lrKchpxDtJJU=
6,10,w0RhffyeHsGLQIf4KiuJSf7scgo=,CAW/gCrDbv70Zy0lrKchpxDtJJU=
10,2,BvtXjpAPAJph1qAGqvrSHupwG9Q=,4+kLzB/ldokiCT8J6KFIEkzh82Q=
2,5,BvtXjpAPAJph1qAGqvrSHupwG9Q=,xD1DB51IIDYNeRxI+gTITICFYWk=
9,2,BvtXjpAPAJph1qAGqvrSHupwG9Q=,4+kLzB/ldokiCT8J6KFIEkzh82Q=
5,10,w0RhffyeHsGLQIf4KiuJSf7scgo=,CAW/gCrDbv70Zy0lrKchpxDtJJU=
4,10,w0RhffyeHsGLQIf4KiuJSf7scgo=,CAW/gCrDbv70Zy0lrKchpxDtJJU=
3,10,w0RhffyeHsGLQIf4KiuJSf7scgo=,CAW/gCrDbv70Zy0lrKchpxDtJJU=
2,10,w0RhffyeHsGLQIf4KiuJSf7scgo=,CAW/gCrDbv70Zy0lrKchpxDtJJU=
3,5,BvtXjpAPAJph1qAGqvrSHupwG9Q=,xD1DB51IIDYNeRxI+gTITICFYWk=
8,2,BvtXjpAPAJph1qAGqvrSHupwG9Q=,4+kLzB/ldokiCT8J6KFIEkzh82Q=
4,9,w0RhffyeHsGLQIf4KiuJSf7scgo=,CAW/gCrDbv70Zy0lrKchpxDtJJU=
5,9,w0RhffyeHsGLQIf4KiuJSf7scgo=,CAW/gCrDbv70Zy0lrKchpxDtJJU=
2,9,w0RhffyeHsGLQIf4KiuJSf7scgo=,CAW/gCrDbv70Zy0lrKchpxDtJJU=
10,0,BvtXjpAPAJph1qAGqvrSHupwG9Q=,4+kLzB/ldokiCT8J6KFIEkzh82Q=
9,0,BvtXjpAPAJph1qAGqvrSHupwG9Q=,4+kLzB/ldokiCT8J6KFIEkzh82Q=
3,9,w0RhffyeHsGLQIf4KiuJSf7scgo=,CAW/gCrDbv70Zy0lrKchpxDtJJU=
0,7,BvtXjpAPAJph1qAGqvrSHupwG9Q=,xD1DB51IIDYNeRxI+gTITICFYWk=
8,0,BvtXjpAPAJph1qAGqvrSHupwG9Q=,4+kLzB/ldokiCT8J6KFIEkzh82Q=
9,10,NaSBZfzbzOCi1lGFxtpdSoaVX+A=,5vO+KnPMif3jbcMPBwV1wUtzHyI=
10,10,NaSBZfzbzOCi1lGFxtpdSoaVX+A=,5vO+KnPMif3jbcMPBwV1wUtzHyI=
1,9,w0RhffyeHsGLQIf4KiuJSf7scgo=,CAW/gCrDbv70Zy0lrKchpxDtJJU=
0,9,w0RhffyeHsGLQIf4KiuJSf7scgo=,CAW/gCrDbv70Zy0lrKchpxDtJJU=
8,10,NaSBZfzbzOCi1lGFxtpdSoaVX+A=,5vO+KnPMif3jbcMPBwV1wUtzHyI=
1,7,BvtXjpAPAJph1qAGqvrSHupwG9Q=,xD1DB51IIDYNeRxI+gTITICFYWk=
3,6,BvtXjpAPAJph1qAGqvrSHupwG9Q=,xD1DB51IIDYNeRxI+gTITICFYWk=
2,6,BvtXjpAPAJph1qAGqvrSHupwG9Q=,xD1DB51IIDYNeRxI+gTITICFYWk=
1,6,BvtXjpAPAJph1qAGqvrSHupwG9Q=,xD1DB51IIDYNeRxI+gTITICFYWk=
6,2,BvtXjpAPAJph1qAGqvrSHupwG9Q=,xD1DB51IIDYNeRxI+gTITICFYWk=
0,6,BvtXjpAPAJph1qAGqvrSHupwG9Q=,xD1DB51IIDYNeRxI+gTITICFYWk=
7,2,BvtXjpAPAJph1qAGqvrSHupwG9Q=,xD1DB51IIDYNeRxI+gTITICFYWk=
12,20,YhgWubFUdlL5W//aNhprpI28H64=,LzjllnH2uWLQnnMb/FHGMakEezk=
13,20,YhgWubFUdlL5W//aNhprpI28H64=,LzjllnH2uWLQnnMb/FHGMakEezk=
14,20,YhgWubFUdlL5W//aNhprpI28H64=,LzjllnH2uWLQnnMb/FHGMakEezk=
15,20,YhgWubFUdlL5W//aNhprpI28H64=,LzjllnH2uWLQnnMb/FHGMakEezk=
8,21,YhgWubFUdlL5W//aNhprpI28H64=,LzjllnH2uWLQnnMb/FHGMakEezk=
9,21,YhgWubFUdlL5W//aNhprpI28H64=,LzjllnH2uWLQnnMb/FHGMakEezk=
11,19,YhgWubFUdlL5W//aNhprpI28H64=,LzjllnH2uWLQnnMb/FHGMakEezk=
11,23,YhgWubFUdlL5W//aNhprpI28H64=,LzjllnH2uWLQnnMb/FHGMakEezk=
11,20,YhgWubFUdlL5W//aNhprpI28H64=,LzjllnH2uWLQnnMb/FHGMakEezk=
10,20,YhgWubFUdlL5W//aNhprpI28H64=,LzjllnH2uWLQnnMb/FHGMakEezk=
9,20,YhgWubFUdlL5W//aNhprpI28H64=,LzjllnH2uWLQnnMb/FHGMakEezk=
10,23,YhgWubFUdlL5W//aNhprpI28H64=,LzjllnH2uWLQnnMb/FHGMakEezk=
9,23,YhgWubFUdlL5W//aNhprpI28H64=,LzjllnH2uWLQnnMb/FHGMakEezk=
10,19,YhgWubFUdlL5W//aNhprpI28H64=,LzjllnH2uWLQnnMb/FHGMakEezk=
15,23,YhgWubFUdlL5W//aNhprpI28H64=,LzjllnH2uWLQnnMb/FHGMakEezk=
8,23,YhgWubFUdlL5W//aNhprpI28H64=,LzjllnH2uWLQnnMb/FHGMakEezk=
15,22,YhgWubFUdlL5W//aNhprpI28H64=,LzjllnH2uWLQnnMb/FHGMakEezk=
14,22,YhgWubFUdlL5W//aNhprpI28H64=,LzjllnH2uWLQnnMb/FHGMakEezk=
13,22,YhgWubFUdlL5W//aNhprpI28H64=,LzjllnH2uWLQnnMb/FHGMakEezk=
9,19,YhgWubFUdlL5W//aNhprpI28H64=,LzjllnH2uWLQnnMb/FHGMakEezk=
12,22,YhgWubFUdlL5W//aNhprpI28H64=,LzjllnH2uWLQnnMb/FHGMakEezk=
11,22,YhgWubFUdlL5W//aNhprpI28H64=,LzjllnH2uWLQnnMb/FHGMakEezk=
8,19,YhgWubFUdlL5W//aNhprpI28H64=,LzjllnH2uWLQnnMb/FHGMakEezk=
10,22,YhgWubFUdlL5W//aNhprpI28H64=,LzjllnH2uWLQnnMb/FHGMakEezk=
9,22,YhgWubFUdlL5W//aNhprpI28H64=,LzjllnH2uWLQnnMb/FHGMakEezk=
8,20,YhgWubFUdlL5W//aNhprpI28H64=,LzjllnH2uWLQnnMb/FHGMakEezk=
15,19,YhgWubFUdlL5W//aNhprpI28H64=,LzjllnH2uWLQnnMb/FHGMakEezk=
14,19,YhgWubFUdlL5W//aNhprpI28H64=,LzjllnH2uWLQnnMb/FHGMakEezk=
14,23,YhgWubFUdlL5W//aNhprpI28H64=,LzjllnH2uWLQnnMb/FHGMakEezk=
8,22,YhgWubFUdlL5W//aNhprpI28H64=,LzjllnH2uWLQnnMb/FHGMakEezk=
13,23,YhgWubFUdlL5W//aNhprpI28H64=,LzjllnH2uWLQnnMb/FHGMakEezk=
12,23,YhgWubFUdlL5W//aNhprpI28H64=,LzjllnH2uWLQnnMb/FHGMakEezk=
13,19,YhgWubFUdlL5W//aNhprpI28H64=,LzjllnH2uWLQnnMb/FHGMakEezk=
15,21,YhgWubFUdlL5W//aNhprpI28H64=,LzjllnH2uWLQnnMb/FHGMakEezk=
14,21,YhgWubFUdlL5W//aNhprpI28H64=,LzjllnH2uWLQnnMb/FHGMakEezk=
13,21,YhgWubFUdlL5W//aNhprpI28H64=,LzjllnH2uWLQnnMb/FHGMakEezk=
12,19,YhgWubFUdlL5W//aNhprpI28H64=,LzjllnH2uWLQnnMb/FHGMakEezk=
12,21,YhgWubFUdlL5W//aNhprpI28H64=,LzjllnH2uWLQnnMb/FHGMakEezk=
11,21,YhgWubFUdlL5W//aNhprpI28H64=,LzjllnH2uWLQnnMb/FHGMakEezk=
10,21,YhgWubFUdlL5W//aNhprpI28H64=,LzjllnH2uWLQnnMb/FHGMakEezk=
10,18,LfmNx8RSVJ3gf6wGd9nRtfCFuWU=,LzjllnH2uWLQnnMb/FHGMakEezk=
8,17,LfmNx8RSVJ3gf6wGd9nRtfCFuWU=,LzjllnH2uWLQnnMb/FHGMakEezk=
9,18,LfmNx8RSVJ3gf6wGd9nRtfCFuWU=,LzjllnH2uWLQnnMb/FHGMakEezk=
8,18,LfmNx8RSVJ3gf6wGd9nRtfCFuWU=,LzjllnH2uWLQnnMb/FHGMakEezk=
15,17,LfmNx8RSVJ3gf6wGd9nRtfCFuWU=,LzjllnH2uWLQnnMb/FHGMakEezk=
15,18,LfmNx8RSVJ3gf6wGd9nRtfCFuWU=,LzjllnH2uWLQnnMb/FHGMakEezk=
15,16,LfmNx8RSVJ3gf6wGd9nRtfCFuWU=,LzjllnH2uWLQnnMb/FHGMakEezk=
12,16,LfmNx8RSVJ3gf6wGd9nRtfCFuWU=,LzjllnH2uWLQnnMb/FHGMakEezk=
11,16,LfmNx8RSVJ3gf6wGd9nRtfCFuWU=,LzjllnH2uWLQnnMb/FHGMakEezk=
14,16,LfmNx8RSVJ3gf6wGd9nRtfCFuWU=,LzjllnH2uWLQnnMb/FHGMakEezk=
14,18,LfmNx8RSVJ3gf6wGd9nRtfCFuWU=,LzjllnH2uWLQnnMb/FHGMakEezk=
13,18,LfmNx8RSVJ3gf6wGd9nRtfCFuWU=,LzjllnH2uWLQnnMb/FHGMakEezk=
10,16,LfmNx8RSVJ3gf6wGd9nRtfCFuWU=,LzjllnH2uWLQnnMb/FHGMakEezk=
13,17,LfmNx8RSVJ3gf6wGd9nRtfCFuWU=,LzjllnH2uWLQnnMb/FHGMakEezk=
12,17,LfmNx8RSVJ3gf6wGd9nRtfCFuWU=,LzjllnH2uWLQnnMb/FHGMakEezk=
9,16,LfmNx8RSVJ3gf6wGd9nRtfCFuWU=,LzjllnH2uWLQnnMb/FHGMakEezk=
12,18,LfmNx8RSVJ3gf6wGd9nRtfCFuWU=,LzjllnH2uWLQnnMb/FHGMakEezk=
11,17,LfmNx8RSVJ3gf6wGd9nRtfCFuWU=,LzjllnH2uWLQnnMb/FHGMakEezk=
10,17,LfmNx8RSVJ3gf6wGd9nRtfCFuWU=,LzjllnH2uWLQnnMb/FHGMakEezk=
9,17,LfmNx8RSVJ3gf6wGd9nRtfCFuWU=,LzjllnH2uWLQnnMb/FHGMakEezk=
8,16,LfmNx8RSVJ3gf6wGd9nRtfCFuWU=,LzjllnH2uWLQnnMb/FHGMakEezk=
11,18,LfmNx8RSVJ3gf6wGd9nRtfCFuWU=,LzjllnH2uWLQnnMb/FHGMakEezk=
14,17,LfmNx8RSVJ3gf6wGd9nRtfCFuWU=,LzjllnH2uWLQnnMb/FHGMakEezk=
13,16,LfmNx8RSVJ3gf6wGd9nRtfCFuWU=,LzjllnH2uWLQnnMb/FHGMakEezk=
20,12,SyI/DplLN7CcSvMI/3k3fKaA0aU=,oGfBZZ6NyuWXIUMe36+OfKrKo18=
21,12,SyI/DplLN7CcSvMI/3k3fKaA0aU=,oGfBZZ6NyuWXIUMe36+OfKrKo18=
19,13,nBT3CBGxdmHze+oAEaaUnFkq+2M=,oGfBZZ6NyuWXIUMe36+OfKrKo18=
19,14,nBT3CBGxdmHze+oAEaaUnFkq+2M=,oGfBZZ6NyuWXIUMe36+OfKrKo18=
20,14,nBT3CBGxdmHze+oAEaaUnFkq+2M=,oGfBZZ6NyuWXIUMe36+OfKrKo18=
19,9,wrLeZ136+JR2r4chaw36orooaQk=,oGfBZZ6NyuWXIUMe36+OfKrKo18=
20,13,nBT3CBGxdmHze+oAEaaUnFkq+2M=,oGfBZZ6NyuWXIUMe36+OfKrKo18=
19,12,SyI/DplLN7CcSvMI/3k3fKaA0aU=,oGfBZZ6NyuWXIUMe36+OfKrKo18=
23,8,wrLeZ136+JR2r4chaw36orooaQk=,oGfBZZ6NyuWXIUMe36+OfKrKo18=
21,13,XN5A3IYItHsJsRBeJowsyZy1Z3k=,oGfBZZ6NyuWXIUMe36+OfKrKo18=
19,11,SyI/DplLN7CcSvMI/3k3fKaA0aU=,oGfBZZ6NyuWXIUMe36+OfKrKo18=
22,13,XN5A3IYItHsJsRBeJowsyZy1Z3k=,oGfBZZ6NyuWXIUMe36+OfKrKo18=
20,9,wrLeZ136+JR2r4chaw36orooaQk=,oGfBZZ6NyuWXIUMe36+OfKrKo18=
21,14,XN5A3IYItHsJsRBeJowsyZy1Z3k=,oGfBZZ6NyuWXIUMe36+OfKrKo18=
22,12,SyI/DplLN7CcSvMI/3k3fKaA0aU=,oGfBZZ6NyuWXIUMe36+OfKrKo18=
22,14,XN5A3IYItHsJsRBeJowsyZy1Z3k=,oGfBZZ6NyuWXIUMe36+OfKrKo18=
23,14,XN5A3IYItHsJsRBeJowsyZy1Z3k=,oGfBZZ6NyuWXIUMe36+OfKrKo18=
22,8,wrLeZ136+JR2r4chaw36orooaQk=,oGfBZZ6NyuWXIUMe36+OfKrKo18=
23,10,wrLeZ136+JR2r4chaw36orooaQk=,oGfBZZ6NyuWXIUMe36+OfKrKo18=
23,9,wrLeZ136+JR2r4chaw36orooaQk=,oGfBZZ6NyuWXIUMe36+OfKrKo18=
20,11,SyI/DplLN7CcSvMI/3k3fKaA0aU=,oGfBZZ6NyuWXIUMe36+OfKrKo18=
19,15,nBT3CBGxdmHze+oAEaaUnFkq+2M=,oGfBZZ6NyuWXIUMe36+OfKrKo18=
21,9,wrLeZ136+JR2r4chaw36orooaQk=,oGfBZZ6NyuWXIUMe36+OfKrKo18=
21,11,SyI/DplLN7CcSvMI/3k3fKaA0aU=,oGfBZZ6NyuWXIUMe36+OfKrKo18=
23,12,SyI/DplLN7CcSvMI/3k3fKaA0aU=,oGfBZZ6NyuWXIUMe36+OfKrKo18=
22,11,SyI/DplLN7CcSvMI/3k3fKaA0aU=,oGfBZZ6NyuWXIUMe36+OfKrKo18=
20,15,nBT3CBGxdmHze+oAEaaUnFkq+2M=,oGfBZZ6NyuWXIUMe36+OfKrKo18=
21,15,XN5A3IYItHsJsRBeJowsyZy1Z3k=,oGfBZZ6NyuWXIUMe36+OfKrKo18=
22,15,XN5A3IYItHsJsRBeJowsyZy1Z3k=,oGfBZZ6NyuWXIUMe36+OfKrKo18=
23,13,XN5A3IYItHsJsRBeJowsyZy1Z3k=,oGfBZZ6NyuWXIUMe36+OfKrKo18=
23,15,XN5A3IYItHsJsRBeJowsyZy1Z3k=,oGfBZZ6NyuWXIUMe36+OfKrKo18=
23,11,SyI/DplLN7CcSvMI/3k3fKaA0aU=,oGfBZZ6NyuWXIUMe36+OfKrKo18=
19,10,wrLeZ136+JR2r4chaw36orooaQk=,oGfBZZ6NyuWXIUMe36+OfKrKo18=
22,9,wrLeZ136+JR2r4chaw36orooaQk=,oGfBZZ6NyuWXIUMe36+OfKrKo18=
21,8,wrLeZ136+JR2r4chaw36orooaQk=,oGfBZZ6NyuWXIUMe36+OfKrKo18=
22,10,wrLeZ136+JR2r4chaw36orooaQk=,oGfBZZ6NyuWXIUMe36+OfKrKo18=
21,10,wrLeZ136+JR2r4chaw36orooaQk=,oGfBZZ6NyuWXIUMe36+OfKrKo18=
20,10,wrLeZ136+JR2r4chaw36orooaQk=,oGfBZZ6NyuWXIUMe36+OfKrKo18=
20,8,wrLeZ136+JR2r4chaw36orooaQk=,oGfBZZ6NyuWXIUMe36+OfKrKo18=
19,8,wrLeZ136+JR2r4chaw36orooaQk=,oGfBZZ6NyuWXIUMe36+OfKrKo18=
17,9,wrLeZ136+JR2r4chaw36orooaQk=,oGfBZZ6NyuWXIUMe36+OfKrKo18=
17,13,0TOrcy32svl4bQ2lh+oaKnpR6Tk=,oGfBZZ6NyuWXIUMe36+OfKrKo18=
16,13,0TOrcy32svl4bQ2lh+oaKnpR6Tk=,oGfBZZ6NyuWXIUMe36+OfKrKo18=
17,10,wrLeZ136+JR2r4chaw36orooaQk=,oGfBZZ6NyuWXIUMe36+OfKrKo18=
18,12,nBT3CBGxdmHze+oAEaaUnFkq+2M=,oGfBZZ6NyuWXIUMe36+OfKrKo18=
17,12,nBT3CBGxdmHze+oAEaaUnFkq+2M=,oGfBZZ6NyuWXIUMe36+OfKrKo18=
16,9,wrLeZ136+JR2r4chaw36orooaQk=,oGfBZZ6NyuWXIUMe36+OfKrKo18=
16,12,nBT3CBGxdmHze+oAEaaUnFkq+2M=,oGfBZZ6NyuWXIUMe36+OfKrKo18=
16,10,wrLeZ136+JR2r4chaw36orooaQk=,oGfBZZ6NyuWXIUMe36+OfKrKo18=
18,11,nBT3CBGxdmHze+oAEaaUnFkq+2M=,oGfBZZ6NyuWXIUMe36+OfKrKo18=
17,11,nBT3CBGxdmHze+oAEaaUnFkq+2M=,oGfBZZ6NyuWXIUMe36+OfKrKo18=
18,10,wrLeZ136+JR2r4chaw36orooaQk=,oGfBZZ6NyuWXIUMe36+OfKrKo18=
16,11,nBT3CBGxdmHze+oAEaaUnFkq+2M=,oGfBZZ6NyuWXIUMe36+OfKrKo18=
18,15,0TOrcy32svl4bQ2lh+oaKnpR6Tk=,oGfBZZ6NyuWXIUMe36+OfKrKo18=
17,15,0TOrcy32svl4bQ2lh+oaKnpR6Tk=,oGfBZZ6NyuWXIUMe36+OfKrKo18=
17,8,wrLeZ136+JR2r4chaw36orooaQk=,oGfBZZ6NyuWXIUMe36+OfKrKo18=
18,8,wrLeZ136+JR2r4chaw36orooaQk=,oGfBZZ6NyuWXIUMe36+OfKrKo18=
16,8,wrLeZ136+JR2r4chaw36orooaQk=,oGfBZZ6NyuWXIUMe36+OfKrKo18=
18,9,wrLeZ136+JR2r4chaw36orooaQk=,oGfBZZ6NyuWXIUMe36+OfKrKo18=
18,14,0TOrcy32svl4bQ2lh+oaKnpR6Tk=,oGfBZZ6NyuWXIUMe36+OfKrKo18=
17,14,0TOrcy32svl4bQ2lh+oaKnpR6Tk=,oGfBZZ6NyuWXIUMe36+OfKrKo18=
16,14,0TOrcy32svl4bQ2lh+oaKnpR6Tk=,oGfBZZ6NyuWXIUMe36+OfKrKo18=
18,13,0TOrcy32svl4bQ2lh+oaKnpR6Tk=,oGfBZZ6NyuWXIUMe36+OfKrKo18=
16,15,0TOrcy32svl4bQ2lh+oaKnpR6Tk=,oGfBZZ6NyuWXIUMe36+OfKrKo18=
19,3,GFQm22eBln6ops4xAZKqTPJio0o=,e2OsAs3znb4JBwa6Xi5/Joz6VWA=
20,3,GFQm22eBln6ops4xAZKqTPJio0o=,e2OsAs3znb4JBwa6Xi5/Joz6VWA=
19,6,GFQm22eBln6ops4xAZKqTPJio0o=,e2OsAs3znb4JBwa6Xi5/Joz6VWA=
19,7,GFQm22eBln6ops4xAZKqTPJio0o=,e2OsAs3znb4JBwa6Xi5/Joz6VWA=
20,7,GFQm22eBln6ops4xAZKqTPJio0o=,e2OsAs3znb4JBwa6Xi5/Joz6VWA=
19,5,GFQm22eBln6ops4xAZKqTPJio0o=,e2OsAs3znb4JBwa6Xi5/Joz6VWA=
20,5,GFQm22eBln6ops4xAZKqTPJio0o=,e2OsAs3znb4JBwa6Xi5/Joz6VWA=
21,3,GFQm22eBln6ops4xAZKqTPJio0o=,e2OsAs3znb4JBwa6Xi5/Joz6VWA=
22,3,GFQm22eBln6ops4xAZKqTPJio0o=,e2OsAs3znb4JBwa6Xi5/Joz6VWA=
23,3,GFQm22eBln6ops4xAZKqTPJio0o=,e2OsAs3znb4JBwa6Xi5/Joz6VWA=
20,4,GFQm22eBln6ops4xAZKqTPJio0o=,e2OsAs3znb4JBwa6Xi5/Joz6VWA=
20,6,GFQm22eBln6ops4xAZKqTPJio0o=,e2OsAs3znb4JBwa6Xi5/Joz6VWA=
19,4,GFQm22eBln6ops4xAZKqTPJio0o=,e2OsAs3znb4JBwa6Xi5/Joz6VWA=
23,4,GFQm22eBln6ops4xAZKqTPJio0o=,e2OsAs3znb4JBwa6Xi5/Joz6VWA=
22,4,GFQm22eBln6ops4xAZKqTPJio0o=,e2OsAs3znb4JBwa6Xi5/Joz6VWA=
21,4,GFQm22eBln6ops4xAZKqTPJio0o=,e2OsAs3znb4JBwa6Xi5/Joz6VWA=
22,6,GFQm22eBln6ops4xAZKqTPJio0o=,e2OsAs3znb4JBwa6Xi5/Joz6VWA=
23,6,GFQm22eBln6ops4xAZKqTPJio0o=,e2OsAs3znb4JBwa6Xi5/Joz6VWA=
21,7,GFQm22eBln6ops4xAZKqTPJio0o=,e2OsAs3znb4JBwa6Xi5/Joz6VWA=
22,7,GFQm22eBln6ops4xAZKqTPJio0o=,e2OsAs3znb4JBwa6Xi5/Joz6VWA=
21,5,GFQm22eBln6ops4xAZKqTPJio0o=,e2OsAs3znb4JBwa6Xi5/Joz6VWA=
22,5,GFQm22eBln6ops4xAZKqTPJio0o=,e2OsAs3znb4JBwa6Xi5/Joz6VWA=
23,7,GFQm22eBln6ops4xAZKqTPJio0o=,e2OsAs3znb4JBwa6Xi5/Joz6VWA=
23,5,GFQm22eBln6ops4xAZKqTPJio0o=,e2OsAs3znb4JBwa6Xi5/Joz6VWA=
21,6,GFQm22eBln6ops4xAZKqTPJio0o=,e2OsAs3znb4JBwa6Xi5/Joz6VWA=
16,6,GFQm22eBln6ops4xAZKqTPJio0o=,e2OsAs3znb4JBwa6Xi5/Joz6VWA=
17,6,GFQm22eBln6ops4xAZKqTPJio0o=,e2OsAs3znb4JBwa6Xi5/Joz6VWA=
16,7,GFQm22eBln6ops4xAZKqTPJio0o=,e2OsAs3znb4JBwa6Xi5/Joz6VWA=
18,6,GFQm22eBln6ops4xAZKqTPJio0o=,e2OsAs3znb4JBwa6Xi5/Joz6VWA=
17,7,GFQm22eBln6ops4xAZKqTPJio0o=,e2OsAs3znb4JBwa6Xi5/Joz6VWA=
18,7,GFQm22eBln6ops4xAZKqTPJio0o=,e2OsAs3znb4JBwa6Xi5/Joz6VWA=
18,5,GFQm22eBln6ops4xAZKqTPJio0o=,e2OsAs3znb4JBwa6Xi5/Joz6VWA=
16,4,GFQm22eBln6ops4xAZKqTPJio0o=,e2OsAs3znb4JBwa6Xi5/Joz6VWA=
16,3,GFQm22eBln6ops4xAZKqTPJio0o=,e2OsAs3znb4JBwa6Xi5/Joz6VWA=
16,5,GFQm22eBln6ops4xAZKqTPJio0o=,e2OsAs3znb4JBwa6Xi5/Joz6VWA=
17,5,GFQm22eBln6ops4xAZKqTPJio0o=,e2OsAs3znb4JBwa6Xi5/Joz6VWA=
17,3,GFQm22eBln6ops4xAZKqTPJio0o=,e2OsAs3znb4JBwa6Xi5/Joz6VWA=
18,3,GFQm22eBln6ops4xAZKqTPJio0o=,e2OsAs3znb4JBwa6Xi5/Joz6VWA=
17,4,GFQm22eBln6ops4xAZKqTPJio0o=,e2OsAs3znb4JBwa6Xi5/Joz6VWA=
18,4,GFQm22eBln6ops4xAZKqTPJio0o=,e2OsAs3znb4JBwa6Xi5/Joz6VWA=
18,2,GFQm22eBln6ops4xAZKqTPJio0o=,e2OsAs3znb4JBwa6Xi5/Joz6VWA=
17,2,GFQm22eBln6ops4xAZKqTPJio0o=,e2OsAs3znb4JBwa6Xi5/Joz6VWA=
23,1,GFQm22eBln6ops4xAZKqTPJio0o=,e2OsAs3znb4JBwa6Xi5/Joz6VWA=
22,0,GFQm22eBln6ops4xAZKqTPJio0o=,e2OsAs3znb4JBwa6Xi5/Joz6VWA=
23,0,GFQm22eBln6ops4xAZKqTPJio0o=,e2OsAs3znb4JBwa6Xi5/Joz6VWA=
21,0,GFQm22eBln6ops4xAZKqTPJio0o=,e2OsAs3znb4JBwa6Xi5/Joz6VWA=
22,1,GFQm22eBln6ops4xAZKqTPJio0o=,e2OsAs3znb4JBwa6Xi5/Joz6VWA=
21,1,GFQm22eBln6ops4xAZKqTPJio0o=,e2OsAs3znb4JBwa6Xi5/Joz6VWA=
20,1,GFQm22eBln6ops4xAZKqTPJio0o=,e2OsAs3znb4JBwa6Xi5/Joz6VWA=
19,1,GFQm22eBln6ops4xAZKqTPJio0o=,e2OsAs3znb4JBwa6Xi5/Joz6VWA=
18,1,GFQm22eBln6ops4xAZKqTPJio0o=,e2OsAs3znb4JBwa6Xi5/Joz6VWA=
17,1,GFQm22eBln6ops4xAZKqTPJio0o=,e2OsAs3znb4JBwa6Xi5/Joz6VWA=
19,0,GFQm22eBln6ops4xAZKqTPJio0o=,e2OsAs3znb4JBwa6Xi5/Joz6VWA=
20,0,GFQm22eBln6ops4xAZKqTPJio0o=,e2OsAs3znb4JBwa6Xi5/Joz6VWA=
18,0,GFQm22eBln6ops4xAZKqTPJio0o=,e2OsAs3znb4JBwa6Xi5/Joz6VWA=
16,1,GFQm22eBln6ops4xAZKqTPJio0o=,e2OsAs3znb4JBwa6Xi5/Joz6VWA=
23,2,GFQm22eBln6ops4xAZKqTPJio0o=,e2OsAs3znb4JBwa6Xi5/Joz6VWA=
22,2,GFQm22eBln6ops4xAZKqTPJio0o=,e2OsAs3znb4JBwa6Xi5/Joz6VWA=
21,2,GFQm22eBln6ops4xAZKqTPJio0o=,e2OsAs3znb4JBwa6Xi5/Joz6VWA=
20,2,GFQm22eBln6ops4xAZKqTPJio0o=,e2OsAs3znb4JBwa6Xi5/Joz6VWA=
19,2,GFQm22eBln6ops4xAZKqTPJio0o=,e2OsAs3znb4JBwa6Xi5/Joz6VWA=
17,0,GFQm22eBln6ops4xAZKqTPJio0o=,e2OsAs3znb4JBwa6Xi5/Joz6VWA=
16,0,GFQm22eBln6ops4xAZKqTPJio0o=,e2OsAs3znb4JBwa6Xi5/Joz6VWA=
16,2,GFQm22eBln6ops4xAZKqTPJio0o=,e2OsAs3znb4JBwa6Xi5/Joz6VWA=
12,27,pfAbaOZiKMJuOQr1r9NhUKhjBxU=,HOBujQM+WqFCI4oawzUUs+eX1Gg=
11,28,pfAbaOZiKMJuOQr1r9NhUKhjBxU=,HOBujQM+WqFCI4oawzUUs+eX1Gg=
12,28,pfAbaOZiKMJuOQr1r9NhUKhjBxU=,HOBujQM+WqFCI4oawzUUs+eX1Gg=
11,24,pfAbaOZiKMJuOQr1r9NhUKhjBxU=,HOBujQM+WqFCI4oawzUUs+eX1Gg=
12,24,pfAbaOZiKMJuOQr1r9NhUKhjBxU=,HOBujQM+WqFCI4oawzUUs+eX1Gg=
11,25,pfAbaOZiKMJuOQr1r9NhUKhjBxU=,HOBujQM+WqFCI4oawzUUs+eX1Gg=
12,25,pfAbaOZiKMJuOQr1r9NhUKhjBxU=,HOBujQM+WqFCI4oawzUUs+eX1Gg=
11,27,pfAbaOZiKMJuOQr1r9NhUKhjBxU=,HOBujQM+WqFCI4oawzUUs+eX1Gg=
11,26,pfAbaOZiKMJuOQr1r9NhUKhjBxU=,HOBujQM+WqFCI4oawzUUs+eX1Gg=
12,26,pfAbaOZiKMJuOQr1r9NhUKhjBxU=,HOBujQM+WqFCI4oawzUUs+eX1Gg=
13,27,pfAbaOZiKMJuOQr1r9NhUKhjBxU=,HOBujQM+WqFCI4oawzUUs+eX1Gg=
14,27,pfAbaOZiKMJuOQr1r9NhUKhjBxU=,HOBujQM+WqFCI4oawzUUs+eX1Gg=
15,27,pfAbaOZiKMJuOQr1r9NhUKhjBxU=,HOBujQM+WqFCI4oawzUUs+eX1Gg=
13,28,pfAbaOZiKMJuOQr1r9NhUKhjBxU=,HOBujQM+WqFCI4oawzUUs+eX1Gg=
14,28,pfAbaOZiKMJuOQr1r9NhUKhjBxU=,HOBujQM+WqFCI4oawzUUs+eX1Gg=
15,28,pfAbaOZiKMJuOQr1r9NhUKhjBxU=,HOBujQM+WqFCI4oawzUUs+eX1Gg=
11,29,pfAbaOZiKMJuOQr1r9NhUKhjBxU=,HOBujQM+WqFCI4oawzUUs+eX1Gg=
12,29,pfAbaOZiKMJuOQr1r9NhUKhjBxU=,HOBujQM+WqFCI4oawzUUs+eX1Gg=
11,30,pfAbaOZiKMJuOQr1r9NhUKhjBxU=,HOBujQM+WqFCI4oawzUUs+eX1Gg=
12,30,pfAbaOZiKMJuOQr1r9NhUKhjBxU=,HOBujQM+WqFCI4oawzUUs+eX1Gg=
12,31,pfAbaOZiKMJuOQr1r9NhUKhjBxU=,HOBujQM+WqFCI4oawzUUs+eX1Gg=
11,31,pfAbaOZiKMJuOQr1r9NhUKhjBxU=,HOBujQM+WqFCI4oawzUUs+eX1Gg=
13,24,/Wwy9h2KMJNngBErQNe5Y2uRUW4=,HOBujQM+WqFCI4oawzUUs+eX1Gg=
14,24,/Wwy9h2KMJNngBErQNe5Y2uRUW4=,HOBujQM+WqFCI4oawzUUs+eX1Gg=
15,24,/Wwy9h2KMJNngBErQNe5Y2uRUW4=,HOBujQM+WqFCI4oawzUUs+eX1Gg=
14,26,/Wwy9h2KMJNngBErQNe5Y2uRUW4=,HOBujQM+WqFCI4oawzUUs+eX1Gg=
13,26,/Wwy9h2KMJNngBErQNe5Y2uRUW4=,HOBujQM+WqFCI4oawzUUs+eX1Gg=
15,25,/Wwy9h2KMJNngBErQNe5Y2uRUW4=,HOBujQM+WqFCI4oawzUUs+eX1Gg=
14,25,/Wwy9h2KMJNngBErQNe5Y2uRUW4=,HOBujQM+WqFCI4oawzUUs+eX1Gg=
13,25,/Wwy9h2KMJNngBErQNe5Y2uRUW4=,HOBujQM+WqFCI4oawzUUs+eX1Gg=
15,26,/Wwy9h2KMJNngBErQNe5Y2uRUW4=,HOBujQM+WqFCI4oawzUUs+eX1Gg=
13,29,/Wwy9h2KMJNngBErQNe5Y2uRUW4=,HOBujQM+WqFCI4oawzUUs+eX1Gg=
14,29,/Wwy9h2KMJNngBErQNe5Y2uRUW4=,HOBujQM+WqFCI4oawzUUs+eX1Gg=
15,29,/Wwy9h2KMJNngBErQNe5Y2uRUW4=,HOBujQM+WqFCI4oawzUUs+eX1Gg=
13,30,/Wwy9h2KMJNngBErQNe5Y2uRUW4=,HOBujQM+WqFCI4oawzUUs+eX1Gg=
14,30,/Wwy9h2KMJNngBErQNe5Y2uRUW4=,HOBujQM+WqFCI4oawzUUs+eX1Gg=
15,30,/Wwy9h2KMJNngBErQNe5Y2uRUW4=,HOBujQM+WqFCI4oawzUUs+eX1Gg=
13,31,/Wwy9h2KMJNngBErQNe5Y2uRUW4=,HOBujQM+WqFCI4oawzUUs+eX1Gg=
14,31,/Wwy9h2KMJNngBErQNe5Y2uRUW4=,HOBujQM+WqFCI4oawzUUs+eX1Gg=
15,31,/Wwy9h2KMJNngBErQNe5Y2uRUW4=,HOBujQM+WqFCI4oawzUUs+eX1Gg=
0,16,RyEuJG8GjmAnyR5gFN99Uhy40kk=,LB35kA6Y5io46EUv6kRr4VfuUSg=
1,16,RyEuJG8GjmAnyR5gFN99Uhy40kk=,LB35kA6Y5io46EUv6kRr4VfuUSg=
2,16,RyEuJG8GjmAnyR5gFN99Uhy40kk=,LB35kA6Y5io46EUv6kRr4VfuUSg=
3,16,RyEuJG8GjmAnyR5gFN99Uhy40kk=,LB35kA6Y5io46EUv6kRr4VfuUSg=
4,16,RyEuJG8GjmAnyR5gFN99Uhy40kk=,LB35kA6Y5io46EUv6kRr4VfuUSg=
5,16,RyEuJG8GjmAnyR5gFN99Uhy40kk=,LB35kA6Y5io46EUv6kRr4VfuUSg=
6,16,RyEuJG8GjmAnyR5gFN99Uhy40kk=,LB35kA6Y5io46EUv6kRr4VfuUSg=
7,16,RyEuJG8GjmAnyR5gFN99Uhy40kk=,LB35kA6Y5io46EUv6kRr4VfuUSg=
0,17,RyEuJG8GjmAnyR5gFN99Uhy40kk=,LB35kA6Y5io46EUv6kRr4VfuUSg=
1,17,RyEuJG8GjmAnyR5gFN99Uhy40kk=,LB35kA6Y5io46EUv6kRr4VfuUSg=
2,19,RyEuJG8GjmAnyR5gFN99Uhy40kk=,LB35kA6Y5io46EUv6kRr4VfuUSg=
2,17,RyEuJG8GjmAnyR5gFN99Uhy40kk=,LB35kA6Y5io46EUv6kRr4VfuUSg=
1,19,RyEuJG8GjmAnyR5gFN99Uhy40kk=,LB35kA6Y5io46EUv6kRr4VfuUSg=
3,17,RyEuJG8GjmAnyR5gFN99Uhy40kk=,LB35kA6Y5io46EUv6kRr4VfuUSg=
3,19,RyEuJG8GjmAnyR5gFN99Uhy40kk=,LB35kA6Y5io46EUv6kRr4VfuUSg=
0,19,RyEuJG8GjmAnyR5gFN99Uhy40kk=,LB35kA6Y5io46EUv6kRr4VfuUSg=
4,19,RyEuJG8GjmAnyR5gFN99Uhy40kk=,LB35kA6Y5io46EUv6kRr4VfuUSg=
5,19,RyEuJG8GjmAnyR5gFN99Uhy40kk=,LB35kA6Y5io46EUv6kRr4VfuUSg=
4,17,RyEuJG8GjmAnyR5gFN99Uhy40kk=,LB35kA6Y5io46EUv6kRr4VfuUSg=
5,17,RyEuJG8GjmAnyR5gFN99Uhy40kk=,LB35kA6Y5io46EUv6kRr4VfuUSg=
6,17,RyEuJG8GjmAnyR5gFN99Uhy40kk=,LB35kA6Y5io46EUv6kRr4VfuUSg=
6,19,RyEuJG8GjmAnyR5gFN99Uhy40kk=,LB35kA6Y5io46EUv6kRr4VfuUSg=
7,19,RyEuJG8GjmAnyR5gFN99Uhy40kk=,LB35kA6Y5io46EUv6kRr4VfuUSg=
0,20,RyEuJG8GjmAnyR5gFN99Uhy40kk=,LB35kA6Y5io46EUv6kRr4VfuUSg=
7,18,RyEuJG8GjmAnyR5gFN99Uhy40kk=,LB35kA6Y5io46EUv6kRr4VfuUSg=
6,18,RyEuJG8GjmAnyR5gFN99Uhy40kk=,LB35kA6Y5io46EUv6kRr4VfuUSg=
5,18,RyEuJG8GjmAnyR5gFN99Uhy40kk=,LB35kA6Y5io46EUv6kRr4VfuUSg=
4,18,RyEuJG8GjmAnyR5gFN99Uhy40kk=,LB35kA6Y5io46EUv6kRr4VfuUSg=
3,18,RyEuJG8GjmAnyR5gFN99Uhy40kk=,LB35kA6Y5io46EUv6kRr4VfuUSg=
7,17,RyEuJG8GjmAnyR5gFN99Uhy40kk=,LB35kA6Y5io46EUv6kRr4VfuUSg=
2,18,RyEuJG8GjmAnyR5gFN99Uhy40kk=,LB35kA6Y5io46EUv6kRr4VfuUSg=
0,18,RyEuJG8GjmAnyR5gFN99Uhy40kk=,LB35kA6Y5io46EUv6kRr4VfuUSg=
7,20,RyEuJG8GjmAnyR5gFN99Uhy40kk=,LB35kA6Y5io46EUv6kRr4VfuUSg=
6,20,RyEuJG8GjmAnyR5gFN99Uhy40kk=,LB35kA6Y5io46EUv6kRr4VfuUSg=
1,18,RyEuJG8GjmAnyR5gFN99Uhy40kk=,LB35kA6Y5io46EUv6kRr4VfuUSg=
5,20,RyEuJG8GjmAnyR5gFN99Uhy40kk=,LB35kA6Y5io46EUv6kRr4VfuUSg=
1,20,RyEuJG8GjmAnyR5gFN99Uhy40kk=,LB35kA6Y5io46EUv6kRr4VfuUSg=
4,20,RyEuJG8GjmAnyR5gFN99Uhy40kk=,LB35kA6Y5io46EUv6kRr4VfuUSg=
2,20,RyEuJG8GjmAnyR5gFN99Uhy40kk=,LB35kA6Y5io46EUv6kRr4VfuUSg=
3,20,RyEuJG8GjmAnyR5gFN99Uhy40kk=,LB35kA6Y5io46EUv6kRr4VfuUSg=
10,26,RyEuJG8GjmAnyR5gFN99Uhy40kk=,HOBujQM+WqFCI4oawzUUs+eX1Gg=
2,22,RyEuJG8GjmAnyR5gFN99Uhy40kk=,LB35kA6Y5io46EUv6kRr4VfuUSg=
3,22,RyEuJG8GjmAnyR5gFN99Uhy40kk=,LB35kA6Y5io46EUv6kRr4VfuUSg=
9,26,RyEuJG8GjmAnyR5gFN99Uhy40kk=,HOBujQM+WqFCI4oawzUUs+eX1Gg=
1,22,RyEuJG8GjmAnyR5gFN99Uhy40kk=,LB35kA6Y5io46EUv6kRr4VfuUSg=
7,21,RyEuJG8GjmAnyR5gFN99Uhy40kk=,LB35kA6Y5io46EUv6kRr4VfuUSg=
8,26,RyEuJG8GjmAnyR5gFN99Uhy40kk=,HOBujQM+WqFCI4oawzUUs+eX1Gg=
4,22,RyEuJG8GjmAnyR5gFN99Uhy40kk=,LB35kA6Y5io46EUv6kRr4VfuUSg=
7,30,RyEuJG8GjmAnyR5gFN99Uhy40kk=,XbDzP+Ybz2bUauETHj1f84ZYweE=
1,27,RyEuJG8GjmAnyR5gFN99Uhy40kk=,XbDzP+Ybz2bUauETHj1f84ZYweE=
5,22,RyEuJG8GjmAnyR5gFN99Uhy40kk=,LB35kA6Y5io46EUv6kRr4VfuUSg=
6,21,RyEuJG8GjmAnyR5gFN99Uhy40kk=,LB35kA6Y5io46EUv6kRr4VfuUSg=
10,27,RyEuJG8GjmAnyR5gFN99Uhy40kk=,HOBujQM+WqFCI4oawzUUs+eX1Gg=
9,27,RyEuJG8GjmAnyR5gFN99Uhy40kk=,HOBujQM+WqFCI4oawzUUs+eX1Gg=
0,27,RyEuJG8GjmAnyR5gFN99Uhy40kk=,XbDzP+Ybz2bUauETHj1f84ZYweE=
7,26,RyEuJG8GjmAnyR5gFN99Uhy40kk=,XbDzP+Ybz2bUauETHj1f84ZYweE=
8,28,RyEuJG8GjmAnyR5gFN99Uhy40kk=,HOBujQM+WqFCI4oawzUUs+eX1Gg=
8,27,RyEuJG8GjmAnyR5gFN99Uhy40kk=,HOBujQM+WqFCI4oawzUUs+eX1Gg=
10,25,RyEuJG8GjmAnyR5gFN99Uhy40kk=,HOBujQM+WqFCI4oawzUUs+eX1Gg=
9,25,RyEuJG8GjmAnyR5gFN99Uhy40kk=,HOBujQM+WqFCI4oawzUUs+eX1Gg=
8,25,RyEuJG8GjmAnyR5gFN99Uhy40kk=,HOBujQM+WqFCI4oawzUUs+eX1Gg=
1,30,RyEuJG8GjmAnyR5gFN99Uhy40kk=,XbDzP+Ybz2bUauETHj1f84ZYweE=
0,30,RyEuJG8GjmAnyR5gFN99Uhy40kk=,XbDzP+Ybz2bUauETHj1f84ZYweE=
6,22,RyEuJG8GjmAnyR5gFN99Uhy40kk=,LB35kA6Y5io46EUv6kRr4VfuUSg=
7,22,RyEuJG8GjmAnyR5gFN99Uhy40kk=,LB35kA6Y5io46EUv6kRr4VfuUSg=
7,29,RyEuJG8GjmAnyR5gFN99Uhy40kk=,XbDzP+Ybz2bUauETHj1f84ZYweE=
6,29,RyEuJG8GjmAnyR5gFN99Uhy40kk=,XbDzP+Ybz2bUauETHj1f84ZYweE=
0,23,RyEuJG8GjmAnyR5gFN99Uhy40kk=,LB35kA6Y5io46EUv6kRr4VfuUSg=
5,29,RyEuJG8GjmAnyR5gFN99Uhy40kk=,XbDzP+Ybz2bUauETHj1f84ZYweE=
9,28,RyEuJG8GjmAnyR5gFN99Uhy40kk=,HOBujQM+WqFCI4oawzUUs+eX1Gg=
10,28,RyEuJG8GjmAnyR5gFN99Uhy40kk=,HOBujQM+WqFCI4oawzUUs+eX1Gg=
10,24,RyEuJG8GjmAnyR5gFN99Uhy40kk=,HOBujQM+WqFCI4oawzUUs+eX1Gg=
4,29,RyEuJG8GjmAnyR5gFN99Uhy40kk=,XbDzP+Ybz2bUauETHj1f84ZYweE=
9,24,RyEuJG8GjmAnyR5gFN99Uhy40kk=,HOBujQM+WqFCI4oawzUUs+eX1Gg=
6,30,RyEuJG8GjmAnyR5gFN99Uhy40kk=,XbDzP+Ybz2bUauETHj1f84ZYweE=
3,29,RyEuJG8GjmAnyR5gFN99Uhy40kk=,XbDzP+Ybz2bUauETHj1f84ZYweE=
8,24,RyEuJG8GjmAnyR5gFN99Uhy40kk=,HOBujQM+WqFCI4oawzUUs+eX1Gg=
4,30,RyEuJG8GjmAnyR5gFN99Uhy40kk=,XbDzP+Ybz2bUauETHj1f84ZYweE=
1,29,RyEuJG8GjmAnyR5gFN99Uhy40kk=,XbDzP+Ybz2bUauETHj1f84ZYweE=
3,30,RyEuJG8GjmAnyR5gFN99Uhy40kk=,XbDzP+Ybz2bUauETHj1f84ZYweE=
5,30,RyEuJG8GjmAnyR5gFN99Uhy40kk=,XbDzP+Ybz2bUauETHj1f84ZYweE=
7,31,RyEuJG8GjmAnyR5gFN99Uhy40kk=,XbDzP+Ybz2bUauETHj1f84ZYweE=
6,31,RyEuJG8GjmAnyR5gFN99Uhy40kk=,XbDzP+Ybz2bUauETHj1f84ZYweE=
6,26,RyEuJG8GjmAnyR5gFN99Uhy40kk=,XbDzP+Ybz2bUauETHj1f84ZYweE=
2,30,RyEuJG8GjmAnyR5gFN99Uhy40kk=,XbDzP+Ybz2bUauETHj1f84ZYweE=
3,26,RyEuJG8GjmAnyR5gFN99Uhy40kk=,XbDzP+Ybz2bUauETHj1f84ZYweE=
4,26,RyEuJG8GjmAnyR5gFN99Uhy40kk=,XbDzP+Ybz2bUauETHj1f84ZYweE=
2,29,RyEuJG8GjmAnyR5gFN99Uhy40kk=,XbDzP+Ybz2bUauETHj1f84ZYweE=
1,26,RyEuJG8GjmAnyR5gFN99Uhy40kk=,XbDzP+Ybz2bUauETHj1f84ZYweE=
2,26,RyEuJG8GjmAnyR5gFN99Uhy40kk=,XbDzP+Ybz2bUauETHj1f84ZYweE=
5,26,RyEuJG8GjmAnyR5gFN99Uhy40kk=,XbDzP+Ybz2bUauETHj1f84ZYweE=
5,21,RyEuJG8GjmAnyR5gFN99Uhy40kk=,LB35kA6Y5io46EUv6kRr4VfuUSg=
4,21,RyEuJG8GjmAnyR5gFN99Uhy40kk=,LB35kA6Y5io46EUv6kRr4VfuUSg=
3,21,RyEuJG8GjmAnyR5gFN99Uhy40kk=,LB35kA6Y5io46EUv6kRr4VfuUSg=
2,25,RyEuJG8GjmAnyR5gFN99Uhy40kk=,XbDzP+Ybz2bUauETHj1f84ZYweE=
1,25,RyEuJG8GjmAnyR5gFN99Uhy40kk=,XbDzP+Ybz2bUauETHj1f84ZYweE=
0,25,RyEuJG8GjmAnyR5gFN99Uhy40kk=,XbDzP+Ybz2bUauETHj1f84ZYweE=
0,21,RyEuJG8GjmAnyR5gFN99Uhy40kk=,LB35kA6Y5io46EUv6kRr4VfuUSg=
7,24,RyEuJG8GjmAnyR5gFN99Uhy40kk=,XbDzP+Ybz2bUauETHj1f84ZYweE=
1,21,RyEuJG8GjmAnyR5gFN99Uhy40kk=,LB35kA6Y5io46EUv6kRr4VfuUSg=
2,21,RyEuJG8GjmAnyR5gFN99Uhy40kk=,LB35kA6Y5io46EUv6kRr4VfuUSg=
6,24,RyEuJG8GjmAnyR5gFN99Uhy40kk=,XbDzP+Ybz2bUauETHj1f84ZYweE=
10,31,RyEuJG8GjmAnyR5gFN99Uhy40kk=,HOBujQM+WqFCI4oawzUUs+eX1Gg=
9,31,RyEuJG8GjmAnyR5gFN99Uhy40kk=,HOBujQM+WqFCI4oawzUUs+eX1Gg=
8,31,RyEuJG8GjmAnyR5gFN99Uhy40kk=,HOBujQM+WqFCI4oawzUUs+eX1Gg=
5,24,RyEuJG8GjmAnyR5gFN99Uhy40kk=,XbDzP+Ybz2bUauETHj1f84ZYweE=
4,24,RyEuJG8GjmAnyR5gFN99Uhy40kk=,XbDzP+Ybz2bUauETHj1f84ZYweE=
2,24,RyEuJG8GjmAnyR5gFN99Uhy40kk=,XbDzP+Ybz2bUauETHj1f84ZYweE=
7,23,RyEuJG8GjmAnyR5gFN99Uhy40kk=,LB35kA6Y5io46EUv6kRr4VfuUSg=
1,24,RyEuJG8GjmAnyR5gFN99Uhy40kk=,XbDzP+Ybz2bUauETHj1f84ZYweE=
3,24,RyEuJG8GjmAnyR5gFN99Uhy40kk=,XbDzP+Ybz2bUauETHj1f84ZYweE=
6,23,RyEuJG8GjmAnyR5gFN99Uhy40kk=,LB35kA6Y5io46EUv6kRr4VfuUSg=
0,24,RyEuJG8GjmAnyR5gFN99Uhy40kk=,XbDzP+Ybz2bUauETHj1f84ZYweE=
4,31,RyEuJG8GjmAnyR5gFN99Uhy40kk=,XbDzP+Ybz2bUauETHj1f84ZYweE=
3,31,RyEuJG8GjmAnyR5gFN99Uhy40kk=,XbDzP+Ybz2bUauETHj1f84ZYweE=
2,31,RyEuJG8GjmAnyR5gFN99Uhy40kk=,XbDzP+Ybz2bUauETHj1f84ZYweE=
1,31,RyEuJG8GjmAnyR5gFN99Uhy40kk=,XbDzP+Ybz2bUauETHj1f84ZYweE=
0,31,RyEuJG8GjmAnyR5gFN99Uhy40kk=,XbDzP+Ybz2bUauETHj1f84ZYweE=
0,29,RyEuJG8GjmAnyR5gFN99Uhy40kk=,XbDzP+Ybz2bUauETHj1f84ZYweE=
5,31,RyEuJG8GjmAnyR5gFN99Uhy40kk=,XbDzP+Ybz2bUauETHj1f84ZYweE=
4,23,RyEuJG8GjmAnyR5gFN99Uhy40kk=,LB35kA6Y5io46EUv6kRr4VfuUSg=
5,23,RyEuJG8GjmAnyR5gFN99Uhy40kk=,LB35kA6Y5io46EUv6kRr4VfuUSg=
4,28,RyEuJG8GjmAnyR5gFN99Uhy40kk=,XbDzP+Ybz2bUauETHj1f84ZYweE=
3,28,RyEuJG8GjmAnyR5gFN99Uhy40kk=,XbDzP+Ybz2bUauETHj1f84ZYweE=
2,28,RyEuJG8GjmAnyR5gFN99Uhy40kk=,XbDzP+Ybz2bUauETHj1f84ZYweE=
1,28,RyEuJG8GjmAnyR5gFN99Uhy40kk=,XbDzP+Ybz2bUauETHj1f84ZYweE=
0,28,RyEuJG8GjmAnyR5gFN99Uhy40kk=,XbDzP+Ybz2bUauETHj1f84ZYweE=
7,28,RyEuJG8GjmAnyR5gFN99Uhy40kk=,XbDzP+Ybz2bUauETHj1f84ZYweE=
6,28,RyEuJG8GjmAnyR5gFN99Uhy40kk=,XbDzP+Ybz2bUauETHj1f84ZYweE=
5,28,RyEuJG8GjmAnyR5gFN99Uhy40kk=,XbDzP+Ybz2bUauETHj1f84ZYweE=
7,27,RyEuJG8GjmAnyR5gFN99Uhy40kk=,XbDzP+Ybz2bUauETHj1f84ZYweE=
3,27,RyEuJG8GjmAnyR5gFN99Uhy40kk=,XbDzP+Ybz2bUauETHj1f84ZYweE=
5,27,RyEuJG8GjmAnyR5gFN99Uhy40kk=,XbDzP+Ybz2bUauETHj1f84ZYweE=
2,27,RyEuJG8GjmAnyR5gFN99Uhy40kk=,XbDzP+Ybz2bUauETHj1f84ZYweE=
4,27,RyEuJG8GjmAnyR5gFN99Uhy40kk=,XbDzP+Ybz2bUauETHj1f84ZYweE=
6,27,RyEuJG8GjmAnyR5gFN99Uhy40kk=,XbDzP+Ybz2bUauETHj1f84ZYweE=
0,26,RyEuJG8GjmAnyR5gFN99Uhy40kk=,XbDzP+Ybz2bUauETHj1f84ZYweE=
7,25,RyEuJG8GjmAnyR5gFN99Uhy40kk=,XbDzP+Ybz2bUauETHj1f84ZYweE=
8,30,RyEuJG8GjmAnyR5gFN99Uhy40kk=,HOBujQM+WqFCI4oawzUUs+eX1Gg=
9,30,RyEuJG8GjmAnyR5gFN99Uhy40kk=,HOBujQM+WqFCI4oawzUUs+eX1Gg=
10,30,RyEuJG8GjmAnyR5gFN99Uhy40kk=,HOBujQM+WqFCI4oawzUUs+eX1Gg=
6,25,RyEuJG8GjmAnyR5gFN99Uhy40kk=,XbDzP+Ybz2bUauETHj1f84ZYweE=
5,25,RyEuJG8GjmAnyR5gFN99Uhy40kk=,XbDzP+Ybz2bUauETHj1f84ZYweE=
10,29,RyEuJG8GjmAnyR5gFN99Uhy40kk=,HOBujQM+WqFCI4oawzUUs+eX1Gg=
3,25,RyEuJG8GjmAnyR5gFN99Uhy40kk=,XbDzP+Ybz2bUauETHj1f84ZYweE=
4,25,RyEuJG8GjmAnyR5gFN99Uhy40kk=,XbDzP+Ybz2bUauETHj1f84ZYweE=
8,29,RyEuJG8GjmAnyR5gFN99Uhy40kk=,HOBujQM+WqFCI4oawzUUs+eX1Gg=
9,29,RyEuJG8GjmAnyR5gFN99Uhy40kk=,HOBujQM+WqFCI4oawzUUs+eX1Gg=
1,23,RyEuJG8GjmAnyR5gFN99Uhy40kk=,LB35kA6Y5io46EUv6kRr4VfuUSg=
3,23,RyEuJG8GjmAnyR5gFN99Uhy40kk=,LB35kA6Y5io46EUv6kRr4VfuUSg=
2,23,RyEuJG8GjmAnyR5gFN99Uhy40kk=,LB35kA6Y5io46EUv6kRr4VfuUSg=
0,22,RyEuJG8GjmAnyR5gFN99Uhy40kk=,LB35kA6Y5io46EUv6kRr4VfuUSg=
20,20,5XmmI8EJRxFQgyGXPPR9DaQX/uc=,YrvGsvDff7yRrkLpZ9qXu+IpaHE=
19,19,5XmmI8EJRxFQgyGXPPR9DaQX/uc=,YrvGsvDff7yRrkLpZ9qXu+IpaHE=
20,19,5XmmI8EJRxFQgyGXPPR9DaQX/uc=,YrvGsvDff7yRrkLpZ9qXu+IpaHE=
19,20,5XmmI8EJRxFQgyGXPPR9DaQX/uc=,YrvGsvDff7yRrkLpZ9qXu+IpaHE=
28,19,5XmmI8EJRxFQgyGXPPR9DaQX/uc=,J/OtzQcPTxqhQ9EzDtxSf9QBrd8=
27,19,5XmmI8EJRxFQgyGXPPR9DaQX/uc=,J/OtzQcPTxqhQ9EzDtxSf9QBrd8=
26,19,5XmmI8EJRxFQgyGXPPR9DaQX/uc=,J/OtzQcPTxqhQ9EzDtxSf9QBrd8=
25,19,5XmmI8EJRxFQgyGXPPR9DaQX/uc=,J/OtzQcPTxqhQ9EzDtxSf9QBrd8=
23,19,5XmmI8EJRxFQgyGXPPR9DaQX/uc=,YrvGsvDff7yRrkLpZ9qXu+IpaHE=
24,19,5XmmI8EJRxFQgyGXPPR9DaQX/uc=,J/OtzQcPTxqhQ9EzDtxSf9QBrd8=
22,19,5XmmI8EJRxFQgyGXPPR9DaQX/uc=,YrvGsvDff7yRrkLpZ9qXu+IpaHE=
31,20,5XmmI8EJRxFQgyGXPPR9DaQX/uc=,J/OtzQcPTxqhQ9EzDtxSf9QBrd8=
30,20,5XmmI8EJRxFQgyGXPPR9DaQX/uc=,J/OtzQcPTxqhQ9EzDtxSf9QBrd8=
29,20,5XmmI8EJRxFQgyGXPPR9DaQX/uc=,J/OtzQcPTxqhQ9EzDtxSf9QBrd8=
28,20,5XmmI8EJRxFQgyGXPPR9DaQX/uc=,J/OtzQcPTxqhQ9EzDtxSf9QBrd8=
27,20,5XmmI8EJRxFQgyGXPPR9DaQX/uc=,J/OtzQcPTxqhQ9EzDtxSf9QBrd8=
21,19,5XmmI8EJRxFQgyGXPPR9DaQX/uc=,YrvGsvDff7yRrkLpZ9qXu+IpaHE=
26,20,5XmmI8EJRxFQgyGXPPR9DaQX/uc=,J/OtzQcPTxqhQ9EzDtxSf9QBrd8=
25,20,5XmmI8EJRxFQgyGXPPR9DaQX/uc=,J/OtzQcPTxqhQ9EzDtxSf9QBrd8=
23,20,5XmmI8EJRxFQgyGXPPR9DaQX/uc=,YrvGsvDff7yRrkLpZ9qXu+IpaHE=
24,20,5XmmI8EJRxFQgyGXPPR9DaQX/uc=,J/OtzQcPTxqhQ9EzDtxSf9QBrd8=
31,19,5XmmI8EJRxFQgyGXPPR9DaQX/uc=,J/OtzQcPTxqhQ9EzDtxSf9QBrd8=
30,19,5XmmI8EJRxFQgyGXPPR9DaQX/uc=,J/OtzQcPTxqhQ9EzDtxSf9QBrd8=
21,20,5XmmI8EJRxFQgyGXPPR9DaQX/uc=,YrvGsvDff7yRrkLpZ9qXu+IpaHE=
29,19,5XmmI8EJRxFQgyGXPPR9DaQX/uc=,J/OtzQcPTxqhQ9EzDtxSf9QBrd8=
22,20,5XmmI8EJRxFQgyGXPPR9DaQX/uc=,YrvGsvDff7yRrkLpZ9qXu+IpaHE=
28,18,5XmmI8EJRxFQgyGXPPR9DaQX/uc=,J/OtzQcPTxqhQ9EzDtxSf9QBrd8=
27,18,5XmmI8EJRxFQgyGXPPR9DaQX/uc=,J/OtzQcPTxqhQ9EzDtxSf9QBrd8=
27,16,5XmmI8EJRxFQgyGXPPR9DaQX/uc=,J/OtzQcPTxqhQ9EzDtxSf9QBrd8=
28,16,5XmmI8EJRxFQgyGXPPR9DaQX/uc=,J/OtzQcPTxqhQ9EzDtxSf9QBrd8=
28,17,5XmmI8EJRxFQgyGXPPR9DaQX/uc=,J/OtzQcPTxqhQ9EzDtxSf9QBrd8=
27,17,5XmmI8EJRxFQgyGXPPR9DaQX/uc=,J/OtzQcPTxqhQ9EzDtxSf9QBrd8=
16,19,O+SkLQCaAITNZ7aJwBofq7cfwV4=,YrvGsvDff7yRrkLpZ9qXu+IpaHE=
17,19,O+SkLQCaAITNZ7aJwBofq7cfwV4=,YrvGsvDff7yRrkLpZ9qXu+IpaHE=
16,20,O+SkLQCaAITNZ7aJwBofq7cfwV4=,YrvGsvDff7yRrkLpZ9qXu+IpaHE=
17,20,O+SkLQCaAITNZ7aJwBofq7cfwV4=,YrvGsvDff7yRrkLpZ9qXu+IpaHE=
18,20,O+SkLQCaAITNZ7aJwBofq7cfwV4=,YrvGsvDff7yRrkLpZ9qXu+IpaHE=
18,19,O+SkLQCaAITNZ7aJwBofq7cfwV4=,YrvGsvDff7yRrkLpZ9qXu+IpaHE=
28,27,OnajbP3wABubG2j4jBGt9fWhqtI=,7K3czxccbaYXS7P6eBAjYpMTgz0=
29,27,OnajbP3wABubG2j4jBGt9fWhqtI=,7K3czxccbaYXS7P6eBAjYpMTgz0=
30,27,OnajbP3wABubG2j4jBGt9fWhqtI=,7K3czxccbaYXS7P6eBAjYpMTgz0=
31,27,aIaCC3oc45sTtKmrciO+p/TxffM=,7K3czxccbaYXS7P6eBAjYpMTgz0=
29,26,aIaCC3oc45sTtKmrciO+p/TxffM=,7K3czxccbaYXS7P6eBAjYpMTgz0=
27,27,aIaCC3oc45sTtKmrciO+p/TxffM=,7K3czxccbaYXS7P6eBAjYpMTgz0=
27,21,aIaCC3oc45sTtKmrciO+p/TxffM=,J/OtzQcPTxqhQ9EzDtxSf9QBrd8=
31,23,aIaCC3oc45sTtKmrciO+p/TxffM=,J/OtzQcPTxqhQ9EzDtxSf9QBrd8=
28,26,aIaCC3oc45sTtKmrciO+p/TxffM=,7K3czxccbaYXS7P6eBAjYpMTgz0=
27,26,aIaCC3oc45sTtKmrciO+p/TxffM=,7K3czxccbaYXS7P6eBAjYpMTgz0=
27,23,O/4X4onWi+VwIaZYA5mWu5Pvg9o=,J/OtzQcPTxqhQ9EzDtxSf9QBrd8=
31,22,O/4X4onWi+VwIaZYA5mWu5Pvg9o=,J/OtzQcPTxqhQ9EzDtxSf9QBrd8=
30,23,O/4X4onWi+VwIaZYA5mWu5Pvg9o=,J/OtzQcPTxqhQ9EzDtxSf9QBrd8=
30,22,O/4X4onWi+VwIaZYA5mWu5Pvg9o=,J/OtzQcPTxqhQ9EzDtxSf9QBrd8=
29,22,O/4X4onWi+VwIaZYA5mWu5Pvg9o=,J/OtzQcPTxqhQ9EzDtxSf9QBrd8=
31,25,O/4X4onWi+VwIaZYA5mWu5Pvg9o=,7K3czxccbaYXS7P6eBAjYpMTgz0=
30,25,O/4X4onWi+VwIaZYA5mWu5Pvg9o=,7K3czxccbaYXS7P6eBAjYpMTgz0=
28,22,O/4X4onWi+VwIaZYA5mWu5Pvg9o=,J/OtzQcPTxqhQ9EzDtxSf9QBrd8=
29,25,O/4X4onWi+VwIaZYA5mWu5Pvg9o=,7K3czxccbaYXS7P6eBAjYpMTgz0=
29,23,O/4X4onWi+VwIaZYA5mWu5Pvg9o=,J/OtzQcPTxqhQ9EzDtxSf9QBrd8=
28,25,O/4X4onWi+VwIaZYA5mWu5Pvg9o=,7K3czxccbaYXS7P6eBAjYpMTgz0=
27,22,O/4X4onWi+VwIaZYA5mWu5Pvg9o=,J/OtzQcPTxqhQ9EzDtxSf9QBrd8=
27,25,O/4X4onWi+VwIaZYA5mWu5Pvg9o=,7K3czxccbaYXS7P6eBAjYpMTgz0=
28,23,O/4X4onWi+VwIaZYA5mWu5Pvg9o=,J/OtzQcPTxqhQ9EzDtxSf9QBrd8=
31,24,O/4X4onWi+VwIaZYA5mWu5Pvg9o=,7K3czxccbaYXS7P6eBAjYpMTgz0=
30,24,O/4X4onWi+VwIaZYA5mWu5Pvg9o=,7K3czxccbaYXS7P6eBAjYpMTgz0=
29,24,O/4X4onWi+VwIaZYA5mWu5Pvg9o=,7K3czxccbaYXS7P6eBAjYpMTgz0=
28,24,O/4X4onWi+VwIaZYA5mWu5Pvg9o=,7K3czxccbaYXS7P6eBAjYpMTgz0=
27,24,O/4X4onWi+VwIaZYA5mWu5Pvg9o=,7K3czxccbaYXS7P6eBAjYpMTgz0=
31,26,O/4X4onWi+VwIaZYA5mWu5Pvg9o=,7K3czxccbaYXS7P6eBAjYpMTgz0=
31,21,O/4X4onWi+VwIaZYA5mWu5Pvg9o=,J/OtzQcPTxqhQ9EzDtxSf9QBrd8=
30,26,O/4X4onWi+VwIaZYA5mWu5Pvg9o=,7K3czxccbaYXS7P6eBAjYpMTgz0=
31,28,O/4X4onWi+VwIaZYA5mWu5Pvg9o=,7K3czxccbaYXS7P6eBAjYpMTgz0=
30,28,O/4X4onWi+VwIaZYA5mWu5Pvg9o=,7K3czxccbaYXS7P6eBAjYpMTgz0=
29,28,O/4X4onWi+VwIaZYA5mWu5Pvg9o=,7K3czxccbaYXS7P6eBAjYpMTgz0=
28,28,O/4X4onWi+VwIaZYA5mWu5Pvg9o=,7K3czxccbaYXS7P6eBAjYpMTgz0=
27,28,O/4X4onWi+VwIaZYA5mWu5Pvg9o=,7K3czxccbaYXS7P6eBAjYpMTgz0=
30,21,O/4X4onWi+VwIaZYA5mWu5Pvg9o=,J/OtzQcPTxqhQ9EzDtxSf9QBrd8=
29,21,O/4X4onWi+VwIaZYA5mWu5Pvg9o=,J/OtzQcPTxqhQ9EzDtxSf9QBrd8=
28,21,O/4X4onWi+VwIaZYA5mWu5Pvg9o=,J/OtzQcPTxqhQ9EzDtxSf9QBrd8=
27,29,O/4X4onWi+VwIaZYA5mWu5Pvg9o=,7K3czxccbaYXS7P6eBAjYpMTgz0=
28,29,O/4X4onWi+VwIaZYA5mWu5Pvg9o=,7K3czxccbaYXS7P6eBAjYpMTgz0=
27,30,O/4X4onWi+VwIaZYA5mWu5Pvg9o=,7K3czxccbaYXS7P6eBAjYpMTgz0=
28,30,O/4X4onWi+VwIaZYA5mWu5Pvg9o=,7K3czxccbaYXS7P6eBAjYpMTgz0=
27,31,O/4X4onWi+VwIaZYA5mWu5Pvg9o=,7K3czxccbaYXS7P6eBAjYpMTgz0=
28,31,O/4X4onWi+VwIaZYA5mWu5Pvg9o=,7K3czxccbaYXS7P6eBAjYpMTgz0=
17,17,O/4X4onWi+VwIaZYA5mWu5Pvg9o=,YrvGsvDff7yRrkLpZ9qXu+IpaHE=
18,17,O/4X4onWi+VwIaZYA5mWu5Pvg9o=,YrvGsvDff7yRrkLpZ9qXu+IpaHE=
19,17,O/4X4onWi+VwIaZYA5mWu5Pvg9o=,YrvGsvDff7yRrkLpZ9qXu+IpaHE=
18,18,O/4X4onWi+VwIaZYA5mWu5Pvg9o=,YrvGsvDff7yRrkLpZ9qXu+IpaHE=
19,18,O/4X4onWi+VwIaZYA5mWu5Pvg9o=,YrvGsvDff7yRrkLpZ9qXu+IpaHE=
20,18,O/4X4onWi+VwIaZYA5mWu5Pvg9o=,YrvGsvDff7yRrkLpZ9qXu+IpaHE=
24,16,O/4X4onWi+VwIaZYA5mWu5Pvg9o=,J/OtzQcPTxqhQ9EzDtxSf9QBrd8=
25,16,O/4X4onWi+VwIaZYA5mWu5Pvg9o=,J/OtzQcPTxqhQ9EzDtxSf9QBrd8=
26,16,O/4X4onWi+VwIaZYA5mWu5Pvg9o=,J/OtzQcPTxqhQ9EzDtxSf9QBrd8=
21,18,O/4X4onWi+VwIaZYA5mWu5Pvg9o=,YrvGsvDff7yRrkLpZ9qXu+IpaHE=
16,16,O/4X4onWi+VwIaZYA5mWu5Pvg9o=,YrvGsvDff7yRrkLpZ9qXu+IpaHE=
17,16,O/4X4onWi+VwIaZYA5mWu5Pvg9o=,YrvGsvDff7yRrkLpZ9qXu+IpaHE=
18,16,O/4X4onWi+VwIaZYA5mWu5Pvg9o=,YrvGsvDff7yRrkLpZ9qXu+IpaHE=
22,18,O/4X4onWi+VwIaZYA5mWu5Pvg9o=,YrvGsvDff7yRrkLpZ9qXu+IpaHE=
23,18,O/4X4onWi+VwIaZYA5mWu5Pvg9o=,YrvGsvDff7yRrkLpZ9qXu+IpaHE=
24,17,O/4X4onWi+VwIaZYA5mWu5Pvg9o=,J/OtzQcPTxqhQ9EzDtxSf9QBrd8=
25,17,O/4X4onWi+VwIaZYA5mWu5Pvg9o=,J/OtzQcPTxqhQ9EzDtxSf9QBrd8=
26,17,O/4X4onWi+VwIaZYA5mWu5Pvg9o=,J/OtzQcPTxqhQ9EzDtxSf9QBrd8=
20,17,O/4X4onWi+VwIaZYA5mWu5Pvg9o=,YrvGsvDff7yRrkLpZ9qXu+IpaHE=
21,17,O/4X4onWi+VwIaZYA5mWu5Pvg9o=,YrvGsvDff7yRrkLpZ9qXu+IpaHE=
19,16,O/4X4onWi+VwIaZYA5mWu5Pvg9o=,YrvGsvDff7yRrkLpZ9qXu+IpaHE=
20,16,O/4X4onWi+VwIaZYA5mWu5Pvg9o=,YrvGsvDff7yRrkLpZ9qXu+IpaHE=
21,16,O/4X4onWi+VwIaZYA5mWu5Pvg9o=,YrvGsvDff7yRrkLpZ9qXu+IpaHE=
22,17,O/4X4onWi+VwIaZYA5mWu5Pvg9o=,YrvGsvDff7yRrkLpZ9qXu+IpaHE=
23,17,O/4X4onWi+VwIaZYA5mWu5Pvg9o=,YrvGsvDff7yRrkLpZ9qXu+IpaHE=
24,18,O/4X4onWi+VwIaZYA5mWu5Pvg9o=,J/OtzQcPTxqhQ9EzDtxSf9QBrd8=
16,18,O/4X4onWi+VwIaZYA5mWu5Pvg9o=,YrvGsvDff7yRrkLpZ9qXu+IpaHE=
25,18,O/4X4onWi+VwIaZYA5mWu5Pvg9o=,J/OtzQcPTxqhQ9EzDtxSf9QBrd8=
22,16,O/4X4onWi+VwIaZYA5mWu5Pvg9o=,YrvGsvDff7yRrkLpZ9qXu+IpaHE=
23,16,O/4X4onWi+VwIaZYA5mWu5Pvg9o=,YrvGsvDff7yRrkLpZ9qXu+IpaHE=
26,18,O/4X4onWi+VwIaZYA5mWu5Pvg9o=,J/OtzQcPTxqhQ9EzDtxSf9QBrd8=
16,17,O/4X4onWi+VwIaZYA5mWu5Pvg9o=,YrvGsvDff7yRrkLpZ9qXu+IpaHE=
17,18,O/4X4onWi+VwIaZYA5mWu5Pvg9o=,YrvGsvDff7yRrkLpZ9qXu+IpaHE=
29,29,O/4X4onWi+VwIaZYA5mWu5Pvg9o=,7K3czxccbaYXS7P6eBAjYpMTgz0=
30,29,O/4X4onWi+VwIaZYA5mWu5Pvg9o=,7K3czxccbaYXS7P6eBAjYpMTgz0=
31,29,O/4X4onWi+VwIaZYA5mWu5Pvg9o=,7K3czxccbaYXS7P6eBAjYpMTgz0=
29,30,O/4X4onWi+VwIaZYA5mWu5Pvg9o=,7K3czxccbaYXS7P6eBAjYpMTgz0=
30,30,O/4X4onWi+VwIaZYA5mWu5Pvg9o=,7K3czxccbaYXS7P6eBAjYpMTgz0=
31,30,O/4X4onWi+VwIaZYA5mWu5Pvg9o=,7K3czxccbaYXS7P6eBAjYpMTgz0=
29,31,O/4X4onWi+VwIaZYA5mWu5Pvg9o=,7K3czxccbaYXS7P6eBAjYpMTgz0=
30,31,O/4X4onWi+VwIaZYA5mWu5Pvg9o=,7K3czxccbaYXS7P6eBAjYpMTgz0=
31,31,O/4X4onWi+VwIaZYA5mWu5Pvg9o=,7K3czxccbaYXS7P6eBAjYpMTgz0=
29,16,O/4X4onWi+VwIaZYA5mWu5Pvg9o=,J/OtzQcPTxqhQ9EzDtxSf9QBrd8=
30,16,O/4X4onWi+VwIaZYA5mWu5Pvg9o=,J/OtzQcPTxqhQ9EzDtxSf9QBrd8=
31,16,O/4X4onWi+VwIaZYA5mWu5Pvg9o=,J/OtzQcPTxqhQ9EzDtxSf9QBrd8=
29,17,O/4X4onWi+VwIaZYA5mWu5Pvg9o=,J/OtzQcPTxqhQ9EzDtxSf9QBrd8=
30,17,O/4X4onWi+VwIaZYA5mWu5Pvg9o=,J/OtzQcPTxqhQ9EzDtxSf9QBrd8=
31,17,O/4X4onWi+VwIaZYA5mWu5Pvg9o=,J/OtzQcPTxqhQ9EzDtxSf9QBrd8=
29,18,O/4X4onWi+VwIaZYA5mWu5Pvg9o=,J/OtzQcPTxqhQ9EzDtxSf9QBrd8=
30,18,O/4X4onWi+VwIaZYA5mWu5Pvg9o=,J/OtzQcPTxqhQ9EzDtxSf9QBrd8=
31,18,O/4X4onWi+VwIaZYA5mWu5Pvg9o=,J/OtzQcPTxqhQ9EzDtxSf9QBrd8=
17,27,GPy5ZH64HEsXQlBaZNLtIHDvVvo=,0aB78omDwljA6tC6M9Fs8VTl10A=
26,27,GPy5ZH64HEsXQlBaZNLtIHDvVvo=,7K3czxccbaYXS7P6eBAjYpMTgz0=
16,27,GPy5ZH64HEsXQlBaZNLtIHDvVvo=,0aB78omDwljA6tC6M9Fs8VTl10A=
17,24,GPy5ZH64HEsXQlBaZNLtIHDvVvo=,0aB78omDwljA6tC6M9Fs8VTl10A=
24,28,GPy5ZH64HEsXQlBaZNLtIHDvVvo=,7K3czxccbaYXS7P6eBAjYpMTgz0=
25,28,GPy5ZH64HEsXQlBaZNLtIHDvVvo=,7K3czxccbaYXS7P6eBAjYpMTgz0=
20,23,GPy5ZH64HEsXQlBaZNLtIHDvVvo=,YrvGsvDff7yRrkLpZ9qXu+IpaHE=
18,27,GPy5ZH64HEsXQlBaZNLtIHDvVvo=,0aB78omDwljA6tC6M9Fs8VTl10A=
19,27,GPy5ZH64HEsXQlBaZNLtIHDvVvo=,0aB78omDwljA6tC6M9Fs8VTl10A=
20,27,GPy5ZH64HEsXQlBaZNLtIHDvVvo=,0aB78omDwljA6tC6M9Fs8VTl10A=
21,23,GPy5ZH64HEsXQlBaZNLtIHDvVvo=,YrvGsvDff7yRrkLpZ9qXu+IpaHE=
22,26,GPy5ZH64HEsXQlBaZNLtIHDvVvo=,0aB78omDwljA6tC6M9Fs8VTl10A=
19,23,GPy5ZH64HEsXQlBaZNLtIHDvVvo=,YrvGsvDff7yRrkLpZ9qXu+IpaHE=
22,23,GPy5ZH64HEsXQlBaZNLtIHDvVvo=,YrvGsvDff7yRrkLpZ9qXu+IpaHE=
26,28,GPy5ZH64HEsXQlBaZNLtIHDvVvo=,7K3czxccbaYXS7P6eBAjYpMTgz0=
22,31,GPy5ZH64HEsXQlBaZNLtIHDvVvo=,0aB78omDwljA6tC6M9Fs8VTl10A=
23,31,GPy5ZH64HEsXQlBaZNLtIHDvVvo=,0aB78omDwljA6tC6M9Fs8VTl10A=
24,24,GPy5ZH64HEsXQlBaZNLtIHDvVvo=,7K3czxccbaYXS7P6eBAjYpMTgz0=
16,21,GPy5ZH64HEsXQlBaZNLtIHDvVvo=,YrvGsvDff7yRrkLpZ9qXu+IpaHE=
17,21,GPy5ZH64HEsXQlBaZNLtIHDvVvo=,YrvGsvDff7yRrkLpZ9qXu+IpaHE=
24,29,GPy5ZH64HEsXQlBaZNLtIHDvVvo=,7K3czxccbaYXS7P6eBAjYpMTgz0=
25,29,GPy5ZH64HEsXQlBaZNLtIHDvVvo=,7K3czxccbaYXS7P6eBAjYpMTgz0=
26,29,GPy5ZH64HEsXQlBaZNLtIHDvVvo=,7K3czxccbaYXS7P6eBAjYpMTgz0=
24,30,GPy5ZH64HEsXQlBaZNLtIHDvVvo=,7K3czxccbaYXS7P6eBAjYpMTgz0=
25,30,GPy5ZH64HEsXQlBaZNLtIHDvVvo=,7K3czxccbaYXS7P6eBAjYpMTgz0=
21,27,GPy5ZH64HEsXQlBaZNLtIHDvVvo=,0aB78omDwljA6tC6M9Fs8VTl10A=
26,30,GPy5ZH64HEsXQlBaZNLtIHDvVvo=,7K3czxccbaYXS7P6eBAjYpMTgz0=
22,27,GPy5ZH64HEsXQlBaZNLtIHDvVvo=,0aB78omDwljA6tC6M9Fs8VTl10A=
23,27,GPy5ZH64HEsXQlBaZNLtIHDvVvo=,0aB78omDwljA6tC6M9Fs8VTl10A=
16,28,GPy5ZH64HEsXQlBaZNLtIHDvVvo=,0aB78omDwljA6tC6M9Fs8VTl10A=
17,28,GPy5ZH64HEsXQlBaZNLtIHDvVvo=,0aB78omDwljA6tC6M9Fs8VTl10A=
18,28,GPy5ZH64HEsXQlBaZNLtIHDvVvo=,0aB78omDwljA6tC6M9Fs8VTl10A=
19,28,GPy5ZH64HEsXQlBaZNLtIHDvVvo=,0aB78omDwljA6tC6M9Fs8VTl10A=
20,28,GPy5ZH64HEsXQlBaZNLtIHDvVvo=,0aB78omDwljA6tC6M9Fs8VTl10A=
21,28,GPy5ZH64HEsXQlBaZNLtIHDvVvo=,0aB78omDwljA6tC6M9Fs8VTl10A=
24,31,GPy5ZH64HEsXQlBaZNLtIHDvVvo=,7K3czxccbaYXS7P6eBAjYpMTgz0=
25,31,GPy5ZH64HEsXQlBaZNLtIHDvVvo=,7K3czxccbaYXS7P6eBAjYpMTgz0=
21,26,GPy5ZH64HEsXQlBaZNLtIHDvVvo=,0aB78omDwljA6tC6M9Fs8VTl10A=
18,23,GPy5ZH64HEsXQlBaZNLtIHDvVvo=,YrvGsvDff7yRrkLpZ9qXu+IpaHE=
17,23,GPy5ZH64HEsXQlBaZNLtIHDvVvo=,YrvGsvDff7yRrkLpZ9qXu+IpaHE=
17,30,GPy5ZH64HEsXQlBaZNLtIHDvVvo=,0aB78omDwljA6tC6M9Fs8VTl10A=
16,24,GPy5ZH64HEsXQlBaZNLtIHDvVvo=,0aB78omDwljA6tC6M9Fs8VTl10A=
23,23,GPy5ZH64HEsXQlBaZNLtIHDvVvo=,YrvGsvDff7yRrkLpZ9qXu+IpaHE=
26,26,GPy5ZH64HEsXQlBaZNLtIHDvVvo=,7K3czxccbaYXS7P6eBAjYpMTgz0=
16,30,GPy5ZH64HEsXQlBaZNLtIHDvVvo=,0aB78omDwljA6tC6M9Fs8VTl10A=
22,28,GPy5ZH64HEsXQlBaZNLtIHDvVvo=,0aB78omDwljA6tC6M9Fs8VTl10A=
23,26,GPy5ZH64HEsXQlBaZNLtIHDvVvo=,0aB78omDwljA6tC6M9Fs8VTl10A=
23,28,GPy5ZH64HEsXQlBaZNLtIHDvVvo=,0aB78omDwljA6tC6M9Fs8VTl10A=
26,31,GPy5ZH64HEsXQlBaZNLtIHDvVvo=,7K3czxccbaYXS7P6eBAjYpMTgz0=
23,30,GPy5ZH64HEsXQlBaZNLtIHDvVvo=,0aB78omDwljA6tC6M9Fs8VTl10A=
26,21,GPy5ZH64HEsXQlBaZNLtIHDvVvo=,J/OtzQcPTxqhQ9EzDtxSf9QBrd8=
25,21,GPy5ZH64HEsXQlBaZNLtIHDvVvo=,J/OtzQcPTxqhQ9EzDtxSf9QBrd8=
16,23,GPy5ZH64HEsXQlBaZNLtIHDvVvo=,YrvGsvDff7yRrkLpZ9qXu+IpaHE=
23,29,GPy5ZH64HEsXQlBaZNLtIHDvVvo=,0aB78omDwljA6tC6M9Fs8VTl10A=
23,22,GPy5ZH64HEsXQlBaZNLtIHDvVvo=,YrvGsvDff7yRrkLpZ9qXu+IpaHE=
22,22,GPy5ZH64HEsXQlBaZNLtIHDvVvo=,YrvGsvDff7yRrkLpZ9qXu+IpaHE=
20,31,GPy5ZH64HEsXQlBaZNLtIHDvVvo=,0aB78omDwljA6tC6M9Fs8VTl10A=
21,31,GPy5ZH64HEsXQlBaZNLtIHDvVvo=,0aB78omDwljA6tC6M9Fs8VTl10A=
19,26,GPy5ZH64HEsXQlBaZNLtIHDvVvo=,0aB78omDwljA6tC6M9Fs8VTl10A=
18,26,GPy5ZH64HEsXQlBaZNLtIHDvVvo=,0aB78omDwljA6tC6M9Fs8VTl10A=
17,26,GPy5ZH64HEsXQlBaZNLtIHDvVvo=,0aB78omDwljA6tC6M9Fs8VTl10A=
16,26,GPy5ZH64HEsXQlBaZNLtIHDvVvo=,0aB78omDwljA6tC6M9Fs8VTl10A=
25,24,GPy5ZH64HEsXQlBaZNLtIHDvVvo=,7K3czxccbaYXS7P6eBAjYpMTgz0=
24,22,GPy5ZH64HEsXQlBaZNLtIHDvVvo=,J/OtzQcPTxqhQ9EzDtxSf9QBrd8=
18,30,GPy5ZH64HEsXQlBaZNLtIHDvVvo=,0aB78omDwljA6tC6M9Fs8VTl10A=
20,26,GPy5ZH64HEsXQlBaZNLtIHDvVvo=,0aB78omDwljA6tC6M9Fs8VTl10A=
26,24,GPy5ZH64HEsXQlBaZNLtIHDvVvo=,7K3czxccbaYXS7P6eBAjYpMTgz0=
18,24,GPy5ZH64HEsXQlBaZNLtIHDvVvo=,0aB78omDwljA6tC6M9Fs8VTl10A=
19,24,GPy5ZH64HEsXQlBaZNLtIHDvVvo=,0aB78omDwljA6tC6M9Fs8VTl10A=
22,30,GPy5ZH64HEsXQlBaZNLtIHDvVvo=,0aB78omDwljA6tC6M9Fs8VTl10A=
24,25,GPy5ZH64HEsXQlBaZNLtIHDvVvo=,7K3czxccbaYXS7P6eBAjYpMTgz0=
20,24,GPy5ZH64HEsXQlBaZNLtIHDvVvo=,0aB78omDwljA6tC6M9Fs8VTl10A=
23,25,GPy5ZH64HEsXQlBaZNLtIHDvVvo=,0aB78omDwljA6tC6M9Fs8VTl10A=
22,25,GPy5ZH64HEsXQlBaZNLtIHDvVvo=,0aB78omDwljA6tC6M9Fs8VTl10A=
21,24,GPy5ZH64HEsXQlBaZNLtIHDvVvo=,0aB78omDwljA6tC6M9Fs8VTl10A=
26,23,GPy5ZH64HEsXQlBaZNLtIHDvVvo=,J/OtzQcPTxqhQ9EzDtxSf9QBrd8=
25,23,GPy5ZH64HEsXQlBaZNLtIHDvVvo=,J/OtzQcPTxqhQ9EzDtxSf9QBrd8=
25,25,GPy5ZH64HEsXQlBaZNLtIHDvVvo=,7K3czxccbaYXS7P6eBAjYpMTgz0=
22,29,GPy5ZH64HEsXQlBaZNLtIHDvVvo=,0aB78omDwljA6tC6M9Fs8VTl10A=
21,30,GPy5ZH64HEsXQlBaZNLtIHDvVvo=,0aB78omDwljA6tC6M9Fs8VTl10A=
24,23,GPy5ZH64HEsXQlBaZNLtIHDvVvo=,J/OtzQcPTxqhQ9EzDtxSf9QBrd8=
19,31,GPy5ZH64HEsXQlBaZNLtIHDvVvo=,0aB78omDwljA6tC6M9Fs8VTl10A=
24,21,GPy5ZH64HEsXQlBaZNLtIHDvVvo=,J/OtzQcPTxqhQ9EzDtxSf9QBrd8=
21,22,GPy5ZH64HEsXQlBaZNLtIHDvVvo=,YrvGsvDff7yRrkLpZ9qXu+IpaHE=
20,22,GPy5ZH64HEsXQlBaZNLtIHDvVvo=,YrvGsvDff7yRrkLpZ9qXu+IpaHE=
18,31,GPy5ZH64HEsXQlBaZNLtIHDvVvo=,0aB78omDwljA6tC6M9Fs8VTl10A=
19,22,GPy5ZH64HEsXQlBaZNLtIHDvVvo=,YrvGsvDff7yRrkLpZ9qXu+IpaHE=
21,29,GPy5ZH64HEsXQlBaZNLtIHDvVvo=,0aB78omDwljA6tC6M9Fs8VTl10A=
25,26,GPy5ZH64HEsXQlBaZNLtIHDvVvo=,7K3czxccbaYXS7P6eBAjYpMTgz0=
22,24,GPy5ZH64HEsXQlBaZNLtIHDvVvo=,0aB78omDwljA6tC6M9Fs8VTl10A=
16,31,GPy5ZH64HEsXQlBaZNLtIHDvVvo=,0aB78omDwljA6tC6M9Fs8VTl10A=
24,26,GPy5ZH64HEsXQlBaZNLtIHDvVvo=,7K3czxccbaYXS7P6eBAjYpMTgz0=
20,30,GPy5ZH64HEsXQlBaZNLtIHDvVvo=,0aB78omDwljA6tC6M9Fs8VTl10A=
25,27,GPy5ZH64HEsXQlBaZNLtIHDvVvo=,7K3czxccbaYXS7P6eBAjYpMTgz0=
20,29,GPy5ZH64HEsXQlBaZNLtIHDvVvo=,0aB78omDwljA6tC6M9Fs8VTl10A=
19,30,GPy5ZH64HEsXQlBaZNLtIHDvVvo=,0aB78omDwljA6tC6M9Fs8VTl10A=
20,25,GPy5ZH64HEsXQlBaZNLtIHDvVvo=,0aB78omDwljA6tC6M9Fs8VTl10A=
19,29,GPy5ZH64HEsXQlBaZNLtIHDvVvo=,0aB78omDwljA6tC6M9Fs8VTl10A=
18,22,GPy5ZH64HEsXQlBaZNLtIHDvVvo=,YrvGsvDff7yRrkLpZ9qXu+IpaHE=
17,22,GPy5ZH64HEsXQlBaZNLtIHDvVvo=,YrvGsvDff7yRrkLpZ9qXu+IpaHE=
16,22,GPy5ZH64HEsXQlBaZNLtIHDvVvo=,YrvGsvDff7yRrkLpZ9qXu+IpaHE=
23,21,GPy5ZH64HEsXQlBaZNLtIHDvVvo=,YrvGsvDff7yRrkLpZ9qXu+IpaHE=
22,21,GPy5ZH64HEsXQlBaZNLtIHDvVvo=,YrvGsvDff7yRrkLpZ9qXu+IpaHE=
19,25,GPy5ZH64HEsXQlBaZNLtIHDvVvo=,0aB78omDwljA6tC6M9Fs8VTl10A=
18,25,GPy5ZH64HEsXQlBaZNLtIHDvVvo=,0aB78omDwljA6tC6M9Fs8VTl10A=
21,21,GPy5ZH64HEsXQlBaZNLtIHDvVvo=,YrvGsvDff7yRrkLpZ9qXu+IpaHE=
18,29,GPy5ZH64HEsXQlBaZNLtIHDvVvo=,0aB78omDwljA6tC6M9Fs8VTl10A=
17,29,GPy5ZH64HEsXQlBaZNLtIHDvVvo=,0aB78omDwljA6tC6M9Fs8VTl10A=
17,25,GPy5ZH64HEsXQlBaZNLtIHDvVvo=,0aB78omDwljA6tC6M9Fs8VTl10A=
16,29,GPy5ZH64HEsXQlBaZNLtIHDvVvo=,0aB78omDwljA6tC6M9Fs8VTl10A=
24,27,GPy5ZH64HEsXQlBaZNLtIHDvVvo=,7K3czxccbaYXS7P6eBAjYpMTgz0=
20,21,GPy5ZH64HEsXQlBaZNLtIHDvVvo=,YrvGsvDff7yRrkLpZ9qXu+IpaHE=
19,21,GPy5ZH64HEsXQlBaZNLtIHDvVvo=,YrvGsvDff7yRrkLpZ9qXu+IpaHE=
26,22,GPy5ZH64HEsXQlBaZNLtIHDvVvo=,J/OtzQcPTxqhQ9EzDtxSf9QBrd8=
23,24,GPy5ZH64HEsXQlBaZNLtIHDvVvo=,0aB78omDwljA6tC6M9Fs8VTl10A=
16,25,GPy5ZH64HEsXQlBaZNLtIHDvVvo=,0aB78omDwljA6tC6M9Fs8VTl10A=
25,22,GPy5ZH64HEsXQlBaZNLtIHDvVvo=,J/OtzQcPTxqhQ9EzDtxSf9QBrd8=
18,21,GPy5ZH64HEsXQlBaZNLtIHDvVvo=,YrvGsvDff7yRrkLpZ9qXu+IpaHE=
17,31,GPy5ZH64HEsXQlBaZNLtIHDvVvo=,0aB78omDwljA6tC6M9Fs8VTl10A=
26,25,GPy5ZH64HEsXQlBaZNLtIHDvVvo=,7K3czxccbaYXS7P6eBAjYpMTgz0=
21,25,GPy5ZH64HEsXQlBaZNLtIHDvVvo=,0aB78omDwljA6tC6M9Fs8VTl10A=
28,3,5BXb8dmjGQNs2qearQ9Ci2tTMMM=,0RDFJsiTr+iSQv18QmLm9VMn2c8=
27,4,5BXb8dmjGQNs2qearQ9Ci2tTMMM=,0RDFJsiTr+iSQv18QmLm9VMn2c8=
27,0,5BXb8dmjGQNs2qearQ9Ci2tTMMM=,0RDFJsiTr+iSQv18QmLm9VMn2c8=
28,0,5BXb8dmjGQNs2qearQ9Ci2tTMMM=,0RDFJsiTr+iSQv18QmLm9VMn2c8=
28,4,5BXb8dmjGQNs2qearQ9Ci2tTMMM=,0RDFJsiTr+iSQv18QmLm9VMn2c8=
27,5,5BXb8dmjGQNs2qearQ9Ci2tTMMM=,0RDFJsiTr+iSQv18QmLm9VMn2c8=
28,5,5BXb8dmjGQNs2qearQ9Ci2tTMMM=,0RDFJsiTr+iSQv18QmLm9VMn2c8=
27,1,5BXb8dmjGQNs2qearQ9Ci2tTMMM=,0RDFJsiTr+iSQv18QmLm9VMn2c8=
27,6,5BXb8dmjGQNs2qearQ9Ci2tTMMM=,0RDFJsiTr+iSQv18QmLm9VMn2c8=
28,6,5BXb8dmjGQNs2qearQ9Ci2tTMMM=,0RDFJsiTr+iSQv18QmLm9VMn2c8=
27,7,5BXb8dmjGQNs2qearQ9Ci2tTMMM=,0RDFJsiTr+iSQv18QmLm9VMn2c8=
28,7,5BXb8dmjGQNs2qearQ9Ci2tTMMM=,0RDFJsiTr+iSQv18QmLm9VMn2c8=
28,1,5BXb8dmjGQNs2qearQ9Ci2tTMMM=,0RDFJsiTr+iSQv18QmLm9VMn2c8=
27,3,5BXb8dmjGQNs2qearQ9Ci2tTMMM=,0RDFJsiTr+iSQv18QmLm9VMn2c8=
27,2,5BXb8dmjGQNs2qearQ9Ci2tTMMM=,0RDFJsiTr+iSQv18QmLm9VMn2c8=
28,2,5BXb8dmjGQNs2qearQ9Ci2tTMMM=,0RDFJsiTr+iSQv18QmLm9VMn2c8=
29,3,XN5A3IYItHsJsRBeJowsyZy1Z3k=,0RDFJsiTr+iSQv18QmLm9VMn2c8=
30,3,XN5A3IYItHsJsRBeJowsyZy1Z3k=,0RDFJsiTr+iSQv18QmLm9VMn2c8=
30,2,XN5A3IYItHsJsRBeJowsyZy1Z3k=,0RDFJsiTr+iSQv18QmLm9VMn2c8=
31,2,XN5A3IYItHsJsRBeJowsyZy1Z3k=,0RDFJsiTr+iSQv18QmLm9VMn2c8=
31,3,XN5A3IYItHsJsRBeJowsyZy1Z3k=,0RDFJsiTr+iSQv18QmLm9VMn2c8=
29,0,XN5A3IYItHsJsRBeJowsyZy1Z3k=,0RDFJsiTr+iSQv18QmLm9VMn2c8=
29,4,XN5A3IYItHsJsRBeJowsyZy1Z3k=,0RDFJsiTr+iSQv18QmLm9VMn2c8=
30,4,XN5A3IYItHsJsRBeJowsyZy1Z3k=,0RDFJsiTr+iSQv18QmLm9VMn2c8=
30,0,XN5A3IYItHsJsRBeJowsyZy1Z3k=,0RDFJsiTr+iSQv18QmLm9VMn2c8=
31,0,XN5A3IYItHsJsRBeJowsyZy1Z3k=,0RDFJsiTr+iSQv18QmLm9VMn2c8=
31,4,XN5A3IYItHsJsRBeJowsyZy1Z3k=,0RDFJsiTr+iSQv18QmLm9VMn2c8=
29,1,XN5A3IYItHsJsRBeJowsyZy1Z3k=,0RDFJsiTr+iSQv18QmLm9VMn2c8=
30,1,XN5A3IYItHsJsRBeJowsyZy1Z3k=,0RDFJsiTr+iSQv18QmLm9VMn2c8=
31,1,XN5A3IYItHsJsRBeJowsyZy1Z3k=,0RDFJsiTr+iSQv18QmLm9VMn2c8=
29,2,XN5A3IYItHsJsRBeJowsyZy1Z3k=,0RDFJsiTr+iSQv18QmLm9VMn2c8=
29,5,XN5A3IYItHsJsRBeJowsyZy1Z3k=,0RDFJsiTr+iSQv18QmLm9VMn2c8=
30,5,XN5A3IYItHsJsRBeJowsyZy1Z3k=,0RDFJsiTr+iSQv18QmLm9VMn2c8=
31,5,XN5A3IYItHsJsRBeJowsyZy1Z3k=,0RDFJsiTr+iSQv18QmLm9VMn2c8=
29,6,XN5A3IYItHsJsRBeJowsyZy1Z3k=,0RDFJsiTr+iSQv18QmLm9VMn2c8=
30,6,XN5A3IYItHsJsRBeJowsyZy1Z3k=,0RDFJsiTr+iSQv18QmLm9VMn2c8=
31,6,XN5A3IYItHsJsRBeJowsyZy1Z3k=,0RDFJsiTr+iSQv18QmLm9VMn2c8=
29,7,XN5A3IYItHsJsRBeJowsyZy1Z3k=,0RDFJsiTr+iSQv18QmLm9VMn2c8=
30,7,XN5A3IYItHsJsRBeJowsyZy1Z3k=,0RDFJsiTr+iSQv18QmLm9VMn2c8=
31,7,XN5A3IYItHsJsRBeJowsyZy1Z3k=,0RDFJsiTr+iSQv18QmLm9VMn2c8=
24,0,wrLeZ136+JR2r4chaw36orooaQk=,0RDFJsiTr+iSQv18QmLm9VMn2c8=
25,0,wrLeZ136+JR2r4chaw36orooaQk=,0RDFJsiTr+iSQv18QmLm9VMn2c8=
26,0,wrLeZ136+JR2r4chaw36orooaQk=,0RDFJsiTr+iSQv18QmLm9VMn2c8=
24,4,wrLeZ136+JR2r4chaw36orooaQk=,0RDFJsiTr+iSQv18QmLm9VMn2c8=
25,4,wrLeZ136+JR2r4chaw36orooaQk=,0RDFJsiTr+iSQv18QmLm9VMn2c8=
26,4,wrLeZ136+JR2r4chaw36orooaQk=,0RDFJsiTr+iSQv18QmLm9VMn2c8=
24,3,wrLeZ136+JR2r4chaw36orooaQk=,0RDFJsiTr+iSQv18QmLm9VMn2c8=
24,1,wrLeZ136+JR2r4chaw36orooaQk=,0RDFJsiTr+iSQv18QmLm9VMn2c8=
24,5,wrLeZ136+JR2r4chaw36orooaQk=,0RDFJsiTr+iSQv18QmLm9VMn2c8=
25,5,wrLeZ136+JR2r4chaw36orooaQk=,0RDFJsiTr+iSQv18QmLm9VMn2c8=
25,1,wrLeZ136+JR2r4chaw36orooaQk=,0RDFJsiTr+iSQv18QmLm9VMn2c8=
26,1,wrLeZ136+JR2r4chaw36orooaQk=,0RDFJsiTr+iSQv18QmLm9VMn2c8=
26,5,wrLeZ136+JR2r4chaw36orooaQk=,0RDFJsiTr+iSQv18QmLm9VMn2c8=
26,2,wrLeZ136+JR2r4chaw36orooaQk=,0RDFJsiTr+iSQv18QmLm9VMn2c8=
24,6,wrLeZ136+JR2r4chaw36orooaQk=,0RDFJsiTr+iSQv18QmLm9VMn2c8=
25,6,wrLeZ136+JR2r4chaw36orooaQk=,0RDFJsiTr+iSQv18QmLm9VMn2c8=
25,2,wrLeZ136+JR2r4chaw36orooaQk=,0RDFJsiTr+iSQv18QmLm9VMn2c8=
26,6,wrLeZ136+JR2r4chaw36orooaQk=,0RDFJsiTr+iSQv18QmLm9VMn2c8=
26,3,wrLeZ136+JR2r4chaw36orooaQk=,0RDFJsiTr+iSQv18QmLm9VMn2c8=
24,2,wrLeZ136+JR2r4chaw36orooaQk=,0RDFJsiTr+iSQv18QmLm9VMn2c8=
25,3,wrLeZ136+JR2r4chaw36orooaQk=,0RDFJsiTr+iSQv18QmLm9VMn2c8=
26,7,wrLeZ136+JR2r4chaw36orooaQk=,0RDFJsiTr+iSQv18QmLm9VMn2c8=
25,7,wrLeZ136+JR2r4chaw36orooaQk=,0RDFJsiTr+iSQv18QmLm9VMn2c8=
24,7,wrLeZ136+JR2r4chaw36orooaQk=,0RDFJsiTr+iSQv18QmLm9VMn2c8=
